CIDADE;LATITUDE;LONGITUDE;POPULAÇÃO
APARECIDA;-22,8359387;-45,2239058;32569
APARECIDA;-22,8332293;-45,2159736;32569
APARECIDA;-22,842592;-45,2303876;32569
APARECIDA;-22,8359387;-45,2239058;32569
APARECIDA;-22,8500433;-45,22642015;32569
APARECIDA;-22,8359387;-45,2239058;32569
APARECIDA;-22,8359295;-45,2247344;32569
APARECIDA;-22,8309068;-45,2172244;32569
APARECIDA;-22,850126;-45,2259082;32569
APARECIDA;-22,850126;-45,2259082;32569
APARECIDA;-22,84968422;-45,22742329;32569
APARECIDA;-22,850126;-45,2259082;32569
APARECIDA;-22,84968422;-45,22742329;32569
APARECIDA;-22,842592;-45,2303876;32569
APARECIDA;-22,8418101;-45,2310203;32569
APARECIDA;-22,8404711;-45,2276274;32569
APARECIDA;-22,8309068;-45,2172244;32569
APARECIDA;-22,8309068;-45,2172244;32569
APARECIDA;-22,8359387;-45,2239058;32569
APARECIDA;-22,8505514;-45,22763003;32569
APARECIDA;-22,8500433;-45,22642015;32569
APARECIDA;-22,8505514;-45,22763003;32569
APARECIDA;-22,8402471;-45,2322194;32569
APARECIDA;-22,83626952;-45,22491559;32569
APARECIDA;-22,8351964;-45,2234834;32569
APARECIDA;-22,8350765;-45,2273412;32569
APARECIDA;-22,8351964;-45,2234834;32569
APARECIDA;-22,8509057;-45,2267576;32569
APARECIDA;-22,8245307;-45,2218933;32569
APARECIDA;-22,86932361;-45,25798992;32569
APARECIDA;-22,8505514;-45,22763003;32569
APARECIDA;-22,8392017;-45,2316538;32569
APARECIDA;-22,8372592;-45,2236997;32569
APARECIDA;-22,850126;-45,2259082;32569
APARECIDA;-22,84968422;-45,22742329;32569
APARECIDA;-22,8680619;-45,262499;32569
APARECIDA;-22,84257937;-45,23274469;32569
APARECIDA;-22,8359387;-45,2239058;32569
APARECIDA;-22,8297811;-45,2146313;32569
APARECIDA;-22,8352107;-45,2254507;32569
APARECIDA;-22,8556127;-45,2306418;32569
APARECIDA;-22,842592;-45,2303876;32569
APARECIDA;-22,8500433;-45,22642015;32569
APARECIDA;-22,8359387;-45,2239058;32569
APARECIDA;-22,842592;-45,2303876;32569
APARECIDA;-22,83259243;-45,220498;32569
APARECIDA;-22,842592;-45,2303876;32569
APARECIDA;-22,8500433;-45,22642015;32569
APARECIDA;-22,84959256;-45,22960973;32569
APARECIDA;-22,8456249;-45,2232808;32569
APARECIDA;-22,8448175;-45,2228239;32569
APARECIDA;-22,856151;-45,231111;32569
APARECIDA;-22,849927;-45,2283854;32569
APARECIDA;-22,8297811;-45,2146313;32569
APARECIDA;-22,83425163;-45,22225936;32569
APARECIDA;-22,8413586;-45,2285625;32569
APARECIDA;-22,8366933;-45,2201282;32569
APARECIDA;-22,84968422;-45,22742329;32569
APARECIDA;-22,8464863;-45,2360518;32569
APARECIDA;-22,86393392;-45,25659639;32569
APARECIDA;-22,842592;-45,2303876;32569
APARECIDA;-22,8470315;-45,2295546;32569
APARECIDA;-22,8348564;-45,2315129;32569
APARECIDA;-22,842592;-45,2303876;32569
APARECIDA;-22,8448175;-45,2228239;32569
APARECIDA;-22,8359387;-45,2239058;32569
APARECIDA;-22,8646608;-45,2603915;32569
APARECIDA;-22,84968422;-45,22742329;32569
APARECIDA;-22,842592;-45,2303876;32569
APARECIDA;-22,86630667;-45,25819858;32569
APARECIDA;-22,86222874;-45,25779421;32569
APARECIDA;-22,842592;-45,2303876;32569
APARECIDA;-22,842592;-45,2303876;32569
APARECIDA;-22,83757876;-45,2220073;32569
APARECIDA;-22,8448816;-45,2324116;32569
APARECIDA;-22,842592;-45,2303876;32569
APARECIDA;-22,83539473;-45,22654856;32569
APARECIDA;-22,8309068;-45,2172244;32569
ARAPEI;-22,6763578;-44,4449498;2330
AREIAS;-22,5812045;-44,6936244;3577
AREIAS;-22,8038316;-44,6697657;3577
AREIAS;-22,5812045;-44,6936244;3577
BANANAL;-22,668905;-44,3058286;9969
BANANAL;-22,6836488;-44,3227583;9969
BANANAL;-22,68079613;-44,3194126;9969
CACAPAVA;-23,11242663;-45,70708819;96202
CACAPAVA;-23,0709009;-45,7311523;96202
CACAPAVA;-23,10007073;-45,70490277;96202
CACAPAVA;-23,1087695;-45,7100939;96202
CACAPAVA;-23,10951467;-45,72489512;96202
CACAPAVA;-23,07142587;-45,72166135;96202
CACAPAVA;-23,10284528;-45,70683984;96202
CACAPAVA;-23,1075832;-45,723865;96202
CACAPAVA;-23,10585308;-45,72308635;96202
CACAPAVA;-23,1095664;-45,682397;96202
CACAPAVA;-23,0708533;-45,7283954;96202
CACAPAVA;-23,09969903;-45,62808972;96202
CACAPAVA;-23,10284528;-45,70683984;96202
CACAPAVA;-23,10534893;-45,72401095;96202
CACAPAVA;-23,1075832;-45,723865;96202
CACAPAVA;-23,1014865;-45,6894845;96202
CACAPAVA;-23,11134429;-45,64432646;96202
CACAPAVA;-23,10534893;-45,72401095;96202
CACAPAVA;-23,07338775;-45,71486242;96202
CACAPAVA;-23,1141707;-45,64579261;96202
CACAPAVA;-23,1090824;-45,6832467;96202
CACAPAVA;-23,10534893;-45,72401095;96202
CACAPAVA;-23,1075832;-45,723865;96202
CACAPAVA;-23,1004424;-45,7221753;96202
CACAPAVA;-23,0715553;-45,7308021;96202
CACAPAVA;-23,1141707;-45,64579261;96202
CACAPAVA;-23,1078234;-45,7240616;96202
CACAPAVA;-23,117556;-45,6464592;96202
CACAPAVA;-23,0965834;-45,68243497;96202
CACAPAVA;-23,123933;-45,7298638;96202
CACAPAVA;-23,0715553;-45,7308021;96202
CACAPAVA;-23,10534893;-45,72401095;96202
CACAPAVA;-23,1203208;-45,6459475;96202
CACAPAVA;-23,0804487;-45,7194596;96202
CACAPAVA;-23,0737742;-45,7271544;96202
CACAPAVA;-23,0804487;-45,7194596;96202
CACAPAVA;-23,0726437;-45,7316863;96202
CACAPAVA;-23,0736378;-45,7272121;96202
CACAPAVA;-23,0709009;-45,7311523;96202
CACAPAVA;-23,1078234;-45,7240616;96202
CACAPAVA;-23,0726437;-45,7316863;96202
CACAPAVA;-23,0804487;-45,7194596;96202
CACAPAVA;-23,10534893;-45,72401095;96202
CACAPAVA;-23,10534893;-45,72401095;96202
CACAPAVA;-23,0726437;-45,7316863;96202
CACAPAVA;-23,0804487;-45,7194596;96202
CACAPAVA;-23,0724741;-45,72494;96202
CACAPAVA;-23,11515017;-45,73468087;96202
CACHOEIRA PAULISTA;-22,6658752;-45,009154;31564
CACHOEIRA PAULISTA;-22,66870451;-45,01922522;31564
CACHOEIRA PAULISTA;-22,6110696;-45,0814547;31564
CACHOEIRA PAULISTA;-22,6656334;-45,0179252;31564
CACHOEIRA PAULISTA;-22,66561842;-45,01254489;31564
CACHOEIRA PAULISTA;-22,6708766;-45,00084371;31564
CACHOEIRA PAULISTA;-22,6426241;-44,9961909;31564
CACHOEIRA PAULISTA;-22,6979746;-44,9813452;31564
CACHOEIRA PAULISTA;-22,59960476;-45,05333295;31564
CACHOEIRA PAULISTA;-22,66870451;-45,01922522;31564
CACHOEIRA PAULISTA;-22,6715349;-44,9985486;31564
CACHOEIRA PAULISTA;-22,6110696;-45,0814547;31564
CACHOEIRA PAULISTA;-22,6630151;-45,0070755;31564
CACHOEIRA PAULISTA;-22,6979746;-44,9813452;31564
CACHOEIRA PAULISTA;-22,6110696;-45,0814547;31564
CACHOEIRA PAULISTA;-22,66368583;-45,01102759;31564
CACHOEIRA PAULISTA;-22,6714645;-45,0283842;31564
CAMPOS DO JORDAO;-22,720674;-45,573461;46974
CAMPOS DO JORDAO;-22,7338502;-45,5817146;46974
CAMPOS DO JORDAO;-22,7437656;-45,5824355;46974
CAMPOS DO JORDAO;-22,7408457;-45,594391;46974
CAMPOS DO JORDAO;-22,7433773;-45,6016645;46974
CAMPOS DO JORDAO;-22,74375603;-45,60074821;46974
CAMPOS DO JORDAO;-22,7422331;-45,6020542;46974
CAMPOS DO JORDAO;-22,7408757;-45,5965783;46974
CAMPOS DO JORDAO;-22,73875632;-45,59273022;46974
CAMPOS DO JORDAO;-22,742681;-45,6003195;46974
CAMPOS DO JORDAO;-22,7408757;-45,5965783;46974
CAMPOS DO JORDAO;-22,7419493;-45,5981395;46974
CAMPOS DO JORDAO;-22,71946725;-45,57351916;46974
CAMPOS DO JORDAO;-22,7399858;-45,5797372;46974
CAMPOS DO JORDAO;-22,7437656;-45,5824355;46974
CAMPOS DO JORDAO;-22,7408457;-45,594391;46974
CAMPOS DO JORDAO;-22,7546226;-45,61354;46974
CAMPOS DO JORDAO;-22,7422331;-45,6020542;46974
CAMPOS DO JORDAO;-22,7461739;-45,5805495;46974
CAMPOS DO JORDAO;-22,73371;-45,5819948;46974
CAMPOS DO JORDAO;-22,7491063;-45,6165344;46974
CAMPOS DO JORDAO;-22,7378587;-45,5917947;46974
CAMPOS DO JORDAO;-22,7408457;-45,594391;46974
CAMPOS DO JORDAO;-22,7419493;-45,5981395;46974
CAMPOS DO JORDAO;-22,74375603;-45,60074821;46974
CAMPOS DO JORDAO;-22,742681;-45,6003195;46974
CAMPOS DO JORDAO;-22,71946725;-45,57351916;46974
CAMPOS DO JORDAO;-22,71946725;-45,57351916;46974
CAMPOS DO JORDAO;-22,73317285;-45,58487297;46974
CAMPOS DO JORDAO;-22,7422331;-45,6020542;46974
CAMPOS DO JORDAO;-22,7531934;-45,6137878;46974
CAMPOS DO JORDAO;-22,7408457;-45,594391;46974
CAMPOS DO JORDAO;-22,7419493;-45,5981395;46974
CAMPOS DO JORDAO;-22,7422331;-45,6020542;46974
CAMPOS DO JORDAO;-22,7465828;-45,6170607;46974
CAMPOS DO JORDAO;-22,7184952;-45,5743067;46974
CAMPOS DO JORDAO;-22,71946725;-45,57351916;46974
CAMPOS DO JORDAO;-22,7541368;-45,6126867;46974
CAMPOS DO JORDAO;-22,7408757;-45,5965783;46974
CAMPOS DO JORDAO;-22,754353;-45,6123853;46974
CAMPOS DO JORDAO;-22,73846296;-45,59307727;46974
CAMPOS DO JORDAO;-22,7433773;-45,6016645;46974
CAMPOS DO JORDAO;-22,7422331;-45,6020542;46974
CAMPOS DO JORDAO;-22,7422331;-45,6020542;46974
CAMPOS DO JORDAO;-22,71946725;-45,57351916;46974
CAMPOS DO JORDAO;-22,71946725;-45,57351916;46974
CAMPOS DO JORDAO;-22,7422331;-45,6020542;46974
CAMPOS DO JORDAO;-22,7408757;-45,5965783;46974
CAMPOS DO JORDAO;-22,7408457;-45,594391;46974
CAMPOS DO JORDAO;-22,7408757;-45,5965783;46974
CAMPOS DO JORDAO;-22,7526056;-45,6186554;46974
CAMPOS DO JORDAO;-22,7484372;-45,5950771;46974
CAMPOS DO JORDAO;-22,7422331;-45,6020542;46974
CAMPOS DO JORDAO;-22,7526056;-45,6186554;46974
CAMPOS DO JORDAO;-22,7408757;-45,5965783;46974
CAMPOS DO JORDAO;-22,71946725;-45,57351916;46974
CAMPOS DO JORDAO;-22,71946725;-45,57351916;46974
CAMPOS DO JORDAO;-22,7510117;-45,5819854;46974
CAMPOS DO JORDAO;-22,71946725;-45,57351916;46974
CAMPOS DO JORDAO;-22,71946725;-45,57351916;46974
CAMPOS DO JORDAO;-22,72405941;-45,56472981;46974
CAMPOS DO JORDAO;-22,7404584;-45,5949309;46974
CAMPOS DO JORDAO;-22,7422331;-45,6020542;46974
CAMPOS DO JORDAO;-22,74271164;-45,59806518;46974
CAMPOS DO JORDAO;-22,7408757;-45,5965783;46974
CAMPOS DO JORDAO;-22,7422331;-45,6020542;46974
CAMPOS DO JORDAO;-22,7408457;-45,594391;46974
CAMPOS DO JORDAO;-22,7526056;-45,6186554;46974
CAMPOS DO JORDAO;-22,7408757;-45,5965783;46974
CAMPOS DO JORDAO;-22,7408457;-45,594391;46974
CAMPOS DO JORDAO;-22,7526355;-45,6201809;46974
CAMPOS DO JORDAO;-22,7419493;-45,5981395;46974
CAMPOS DO JORDAO;-22,73805573;-45,60064077;46974
CAMPOS DO JORDAO;-22,7408757;-45,5965783;46974
CAMPOS DO JORDAO;-22,7531561;-45,6207457;46974
CAMPOS DO JORDAO;-22,7516;-45,6152754;46974
CAMPOS DO JORDAO;-22,7408757;-45,5965783;46974
CAMPOS DO JORDAO;-22,73677136;-45,58814462;46974
CAMPOS DO JORDAO;-22,71946725;-45,57351916;46974
CAMPOS DO JORDAO;-22,71946725;-45,57351916;46974
CAMPOS DO JORDAO;-22,7408757;-45,5965783;46974
CAMPOS DO JORDAO;-22,7419493;-45,5981395;46974
CAMPOS DO JORDAO;-22,724257;-45,5802065;46974
CAMPOS DO JORDAO;-22,73985118;-45,60241738;46974
CAMPOS DO JORDAO;-22,7408457;-45,594391;46974
CAMPOS DO JORDAO;-22,7529015;-45,6183006;46974
CAMPOS DO JORDAO;-22,7422331;-45,6020542;46974
CAMPOS DO JORDAO;-22,73846296;-45,59307727;46974
CAMPOS DO JORDAO;-22,8248431;-45,667181;46974
CAMPOS DO JORDAO;-22,71946725;-45,57351916;46974
CAMPOS DO JORDAO;-22,7404584;-45,5949309;46974
CAMPOS DO JORDAO;-22,7398495;-45,6020111;46974
CAMPOS DO JORDAO;-22,7408757;-45,5965783;46974
CAMPOS DO JORDAO;-22,7422331;-45,6020542;46974
CAMPOS DO JORDAO;-22,7408757;-45,5965783;46974
CAMPOS DO JORDAO;-22,73760695;-45,59735748;46974
CAMPOS DO JORDAO;-22,73886826;-45,59427483;46974
CAMPOS DO JORDAO;-22,7419493;-45,5981395;46974
CAMPOS DO JORDAO;-22,7408457;-45,594391;46974
CAMPOS DO JORDAO;-22,7408457;-45,594391;46974
CAMPOS DO JORDAO;-22,7529015;-45,6183006;46974
CAMPOS DO JORDAO;-22,73985118;-45,60241738;46974
CAMPOS DO JORDAO;-22,7422331;-45,6020542;46974
CAMPOS DO JORDAO;-22,7408457;-45,594391;46974
CAMPOS DO JORDAO;-22,7398495;-45,6020111;46974
CAMPOS DO JORDAO;-22,72405941;-45,56472981;46974
CAMPOS DO JORDAO;-22,71946725;-45,57351916;46974
CAMPOS DO JORDAO;-22,7408757;-45,5965783;46974
CAMPOS DO JORDAO;-22,7526056;-45,6186554;46974
CAMPOS DO JORDAO;-22,7408757;-45,5965783;46974
CAMPOS DO JORDAO;-22,7408757;-45,5965783;46974
CAMPOS DO JORDAO;-22,7529015;-45,6183006;46974
CAMPOS DO JORDAO;-22,7408457;-45,594391;46974
CAMPOS DO JORDAO;-22,7451573;-45,5972611;46974
CAMPOS DO JORDAO;-22,7380882;-45,5915213;46974
CAMPOS DO JORDAO;-22,7408457;-45,594391;46974
CAMPOS DO JORDAO;-22,7408757;-45,5965783;46974
CAMPOS DO JORDAO;-22,7437656;-45,5824355;46974
CAMPOS DO JORDAO;-22,7408457;-45,594391;46974
CAMPOS DO JORDAO;-22,7408457;-45,594391;46974
CAMPOS DO JORDAO;-22,7419493;-45,5981395;46974
CANAS;-22,70308372;-45,05559577;4931
CARAGUATATUBA;-23,7015151;-45,4859164;134875
CARAGUATATUBA;-23,6764717;-45,4521607;134875
CARAGUATATUBA;-23,6843148;-45,4439706;134875
CARAGUATATUBA;-23,7138769;-45,5400943;134875
CARAGUATATUBA;-23,7099469;-45,4327946;134875
CARAGUATATUBA;-23,6073241;-45,3747792;134875
CARAGUATATUBA;-23,6073225;-45,3747792;134875
CARAGUATATUBA;-23,6263458;-45,3817398;134875
CARAGUATATUBA;-23,61783488;-45,40883914;134875
CARAGUATATUBA;-23,6200504;-45,4120869;134875
CARAGUATATUBA;-23,6263458;-45,3817398;134875
CARAGUATATUBA;-23,6263458;-45,3817398;134875
CARAGUATATUBA;-23,6062721;-45,4266999;134875
CARAGUATATUBA;-23,6109548;-45,4248469;134875
CARAGUATATUBA;-23,7126752;-45,4376019;134875
CARAGUATATUBA;-23,71069186;-45,4360589;134875
CARAGUATATUBA;-23,6981705;-45,4439216;134875
CARAGUATATUBA;-23,5826165;-45,3372714;134875
CARAGUATATUBA;-23,58114703;-45,32640041;134875
CARAGUATATUBA;-23,5797632;-45,3371797;134875
CARAGUATATUBA;-23,6073241;-45,3747792;134875
CARAGUATATUBA;-23,6193811;-45,4015723;134875
CARAGUATATUBA;-23,6200504;-45,4120869;134875
CARAGUATATUBA;-23,6200504;-45,4120869;134875
CARAGUATATUBA;-23,7121646;-45,4346969;134875
CARAGUATATUBA;-23,69184347;-45,44344405;134875
CARAGUATATUBA;-23,6129483;-45,4287584;134875
CARAGUATATUBA;-23,6266255;-45,3736169;134875
CARAGUATATUBA;-23,6065493;-45,4263918;134875
CARAGUATATUBA;-23,6925841;-45,4477151;134875
CARAGUATATUBA;-23,7126058;-45,436669;134875
CARAGUATATUBA;-23,68745569;-45,44036217;134875
CARAGUATATUBA;-23,5991051;-45,3555518;134875
CARAGUATATUBA;-23,6245606;-45,4283671;134875
CARAGUATATUBA;-23,6200504;-45,4120869;134875
CARAGUATATUBA;-23,6200504;-45,4120869;134875
CARAGUATATUBA;-23,62526431;-45,42840503;134875
CARAGUATATUBA;-23,6974051;-45,4312717;134875
CARAGUATATUBA;-23,7015151;-45,4859164;134875
CARAGUATATUBA;-23,6925841;-45,4477151;134875
CARAGUATATUBA;-23,7116518;-45,4355834;134875
CARAGUATATUBA;-23,5828486;-45,33655774;134875
CARAGUATATUBA;-23,6065493;-45,4263918;134875
CARAGUATATUBA;-23,6200504;-45,4120869;134875
CARAGUATATUBA;-23,7138769;-45,5400943;134875
CARAGUATATUBA;-23,69212127;-45,44331469;134875
CARAGUATATUBA;-23,7138769;-45,5400943;134875
CARAGUATATUBA;-23,633841;-45,4332631;134875
CARAGUATATUBA;-23,6221811;-45,4039566;134875
CARAGUATATUBA;-23,6008135;-45,4297818;134875
CARAGUATATUBA;-23,71705937;-45,44048991;134875
CARAGUATATUBA;-23,71077796;-45,43664195;134875
CARAGUATATUBA;-23,6925841;-45,4477151;134875
CARAGUATATUBA;-23,7015151;-45,4859164;134875
CARAGUATATUBA;-23,6263897;-45,3969751;134875
CARAGUATATUBA;-23,71705937;-45,44048991;134875
CARAGUATATUBA;-23,6813429;-45,4503671;134875
CARAGUATATUBA;-23,67477963;-45,43792939;134875
CARAGUATATUBA;-23,6925841;-45,4477151;134875
CARAGUATATUBA;-23,7313948;-45,5705515;134875
CARAGUATATUBA;-23,6221811;-45,4039566;134875
CARAGUATATUBA;-23,6221811;-45,4039566;134875
CARAGUATATUBA;-23,6163583;-45,4031403;134875
CARAGUATATUBA;-23,608068;-45,4245979;134875
CARAGUATATUBA;-23,6334877;-45,4337398;134875
CARAGUATATUBA;-23,6041463;-45,4274732;134875
CARAGUATATUBA;-23,6041463;-45,4274732;134875
CARAGUATATUBA;-23,6200504;-45,4120869;134875
CARAGUATATUBA;-23,6200504;-45,4120869;134875
CARAGUATATUBA;-23,6925841;-45,4477151;134875
CARAGUATATUBA;-23,687258;-45,4481261;134875
CARAGUATATUBA;-23,7138769;-45,5400943;134875
CARAGUATATUBA;-23,7139114;-45,4385694;134875
CARAGUATATUBA;-23,7076342;-45,4490162;134875
CARAGUATATUBA;-23,6925841;-45,4477151;134875
CARAGUATATUBA;-23,6726344;-45,4480199;134875
CARAGUATATUBA;-23,6976373;-45,4507629;134875
CARAGUATATUBA;-23,5994641;-45,3518756;134875
CARAGUATATUBA;-23,59408578;-45,34334878;134875
CARAGUATATUBA;-23,7015151;-45,4859164;134875
CARAGUATATUBA;-23,7015151;-45,4859164;134875
CARAGUATATUBA;-23,7015151;-45,4859164;134875
CARAGUATATUBA;-23,6887076;-45,450509;134875
CARAGUATATUBA;-23,5938134;-45,3569118;134875
CARAGUATATUBA;-23,7313948;-45,5705515;134875
CARAGUATATUBA;-23,6925841;-45,4477151;134875
CARAGUATATUBA;-23,5797632;-45,3371797;134875
CARAGUATATUBA;-23,6256387;-45,4382888;134875
CARAGUATATUBA;-23,6200504;-45,4120869;134875
CARAGUATATUBA;-23,6200504;-45,4120869;134875
CARAGUATATUBA;-23,6230465;-45,3978504;134875
CARAGUATATUBA;-23,7079213;-45,4424505;134875
CARAGUATATUBA;-23,7313948;-45,5705515;134875
CARAGUATATUBA;-23,704985;-45,4412557;134875
CARAGUATATUBA;-23,6925841;-45,4477151;134875
CARAGUATATUBA;-23,7138769;-45,5400943;134875
CARAGUATATUBA;-23,7015151;-45,4859164;134875
CARAGUATATUBA;-23,71077796;-45,43664195;134875
CARAGUATATUBA;-23,5991051;-45,3555518;134875
CARAGUATATUBA;-23,6221811;-45,4039566;134875
CARAGUATATUBA;-23,6330922;-45,4357236;134875
CARAGUATATUBA;-23,63273417;-45,43241456;134875
CARAGUATATUBA;-23,63273417;-45,43241456;134875
CARAGUATATUBA;-23,6198022;-45,4123362;134875
CARAGUATATUBA;-23,6243464;-45,4300833;134875
CARAGUATATUBA;-23,6277906;-45,4362331;134875
CARAGUATATUBA;-23,60149678;-45,44891403;134875
CRUZEIRO;-22,57717158;-44,94542201;74961
CRUZEIRO;-22,57717158;-44,94542201;74961
CRUZEIRO;-22,5755112;-44,9731658;74961
CRUZEIRO;-22,57683061;-44,97253403;74961
CRUZEIRO;-22,58593937;-44,96278636;74961
CRUZEIRO;-22,56143774;-44,93802781;74961
CRUZEIRO;-22,56157026;-44,96454459;74961
CRUZEIRO;-22,58972557;-44,97427797;74961
CRUZEIRO;-22,58972447;-44,96905764;74961
CRUZEIRO;-22,5593712;-44,9404744;74961
CRUZEIRO;-22,5672151;-44,9452681;74961
CRUZEIRO;-22,5790403;-44,97409406;74961
CRUZEIRO;-22,5823485;-44,9794391;74961
CRUZEIRO;-22,56835169;-44,95357776;74961
CRUZEIRO;-22,57511602;-44,948499;74961
CRUZEIRO;-22,56873521;-44,93402938;74961
CRUZEIRO;-22,56226816;-44,94774917;74961
CRUZEIRO;-22,5620257;-44,9673869;74961
CRUZEIRO;-22,5602277;-44,9308398;74961
CRUZEIRO;-22,5830685;-44,9746379;74961
CRUZEIRO;-22,5764416;-44,94885192;74961
CRUZEIRO;-22,5754547;-44,95585741;74961
CRUZEIRO;-22,5885278;-44,9643899;74961
CRUZEIRO;-22,58881998;-44,97299775;74961
CRUZEIRO;-22,5764416;-44,94885192;74961
CRUZEIRO;-22,57532922;-44,9462778;74961
CRUZEIRO;-22,57532922;-44,9462778;74961
CRUZEIRO;-22,56643435;-44,96511588;74961
CRUZEIRO;-22,5760867;-44,9613621;74961
CRUZEIRO;-22,5622629;-44,9647983;74961
CRUZEIRO;-22,57180852;-44,97235371;74961
CRUZEIRO;-22,58972557;-44,97427797;74961
CRUZEIRO;-22,59926411;-44,98177689;74961
CRUZEIRO;-22,58881998;-44,97299775;74961
CRUZEIRO;-22,5762802;-44,94787249;74961
CRUZEIRO;-22,5598777;-44,9383475;74961
CRUZEIRO;-22,5772988;-44,97817025;74961
CRUZEIRO;-22,5899774;-44,9740045;74961
CRUZEIRO;-22,57532922;-44,9462778;74961
CRUZEIRO;-22,56636073;-44,94248898;74961
CRUZEIRO;-22,5592359;-44,9554969;74961
CRUZEIRO;-22,56243498;-44,93216658;74961
CRUZEIRO;-22,56739774;-44,94379938;74961
CRUZEIRO;-22,5870594;-44,9764583;74961
CRUZEIRO;-22,5892408;-44,96431142;74961
CRUZEIRO;-22,62356521;-44,90997907;74961
CRUZEIRO;-22,56157026;-44,96454459;74961
CUNHA;-23,0628904;-44,9713237;22110
CUNHA;-23,07452374;-44,95947573;22110
CUNHA;-23,0742552;-44,9599343;22110
CUNHA;-23,0688565;-44,9614922;22110
GUARATINGUETA;-22,81386706;-45,19789849;118044
GUARATINGUETA;-22,80053949;-45,19781195;118044
GUARATINGUETA;-22,77298245;-45,18805972;118044
GUARATINGUETA;-22,80053949;-45,19781195;118044
GUARATINGUETA;-22,79708764;-45,17486348;118044
GUARATINGUETA;-22,78752453;-45,15209427;118044
GUARATINGUETA;-22,7724553;-45,1846923;118044
GUARATINGUETA;-22,79042413;-45,1528753;118044
GUARATINGUETA;-22,7861535;-45,1769947;118044
GUARATINGUETA;-22,7723978;-45,1891299;118044
GUARATINGUETA;-22,79671634;-45,17777735;118044
GUARATINGUETA;-22,79671634;-45,17777735;118044
GUARATINGUETA;-22,78752453;-45,15209427;118044
GUARATINGUETA;-22,8128263;-45,17830646;118044
GUARATINGUETA;-22,81448708;-45,19725663;118044
GUARATINGUETA;-22,8128263;-45,17830646;118044
GUARATINGUETA;-22,80596945;-45,24547247;118044
GUARATINGUETA;-22,80783;-45,1796839;118044
GUARATINGUETA;-22,78752453;-45,15209427;118044
GUARATINGUETA;-22,77307465;-45,18945236;118044
GUARATINGUETA;-22,79671634;-45,17777735;118044
GUARATINGUETA;-22,79708764;-45,17486348;118044
GUARATINGUETA;-22,7875431;-45,1519163;118044
GUARATINGUETA;-22,8262021;-45,1956505;118044
GUARATINGUETA;-22,7861535;-45,1769947;118044
GUARATINGUETA;-22,77101641;-45,20979347;118044
GUARATINGUETA;-22,78319595;-45,18338231;118044
GUARATINGUETA;-22,922682;-45,0844775;118044
GUARATINGUETA;-22,8080052;-45,1792388;118044
GUARATINGUETA;-22,77378603;-45,18972516;118044
GUARATINGUETA;-22,80607614;-45,24609276;118044
GUARATINGUETA;-22,7959153;-45,1752675;118044
GUARATINGUETA;-22,79671634;-45,17777735;118044
GUARATINGUETA;-22,7710237;-45,1913429;118044
GUARATINGUETA;-22,8171695;-45,1835983;118044
GUARATINGUETA;-22,82235997;-45,19293064;118044
GUARATINGUETA;-22,8164579;-45,183016;118044
GUARATINGUETA;-22,8216805;-45,2739769;118044
GUARATINGUETA;-22,77307465;-45,18945236;118044
GUARATINGUETA;-22,79674387;-45,17791408;118044
GUARATINGUETA;-22,79674387;-45,17791408;118044
GUARATINGUETA;-22,82886841;-45,19597979;118044
GUARATINGUETA;-22,8129204;-45,1983871;118044
GUARATINGUETA;-22,79860463;-45,2093042;118044
GUARATINGUETA;-22,80859571;-45,1791537;118044
GUARATINGUETA;-22,78716559;-45,20740393;118044
GUARATINGUETA;-22,78752453;-45,15209427;118044
GUARATINGUETA;-22,78801579;-45,15166362;118044
GUARATINGUETA;-22,78752453;-45,15209427;118044
GUARATINGUETA;-22,82514991;-45,19582195;118044
GUARATINGUETA;-22,82128657;-45,18881671;118044
GUARATINGUETA;-22,80607614;-45,24609276;118044
GUARATINGUETA;-22,7978707;-45,224024;118044
GUARATINGUETA;-22,8062164;-45,2333188;118044
GUARATINGUETA;-22,79860463;-45,2093042;118044
GUARATINGUETA;-22,7993642;-45,2116769;118044
GUARATINGUETA;-22,801342;-45,2073325;118044
GUARATINGUETA;-22,79708764;-45,17486348;118044
GUARATINGUETA;-22,79671634;-45,17777735;118044
GUARATINGUETA;-22,8206148;-45,20371758;118044
GUARATINGUETA;-22,7892582;-45,17939353;118044
GUARATINGUETA;-22,802093;-45,1729575;118044
GUARATINGUETA;-22,7959153;-45,1752675;118044
GUARATINGUETA;-22,80394023;-45,19659877;118044
GUARATINGUETA;-22,87091494;-45,20654072;118044
GUARATINGUETA;-22,81926171;-45,19245161;118044
GUARATINGUETA;-22,82886841;-45,19597979;118044
GUARATINGUETA;-22,8056126;-45,200451;118044
GUARATINGUETA;-22,81087552;-45,24109737;118044
GUARATINGUETA;-22,81071087;-45,18283538;118044
GUARATINGUETA;-22,8036913;-45,1859219;118044
GUARATINGUETA;-22,7861535;-45,1769947;118044
GUARATINGUETA;-22,802093;-45,1729575;118044
GUARATINGUETA;-22,7723978;-45,1891299;118044
GUARATINGUETA;-22,79671634;-45,17777735;118044
GUARATINGUETA;-22,81418378;-45,19849342;118044
GUARATINGUETA;-22,81330121;-45,19943885;118044
GUARATINGUETA;-22,87091494;-45,20654072;118044
GUARATINGUETA;-22,80053949;-45,19781195;118044
GUARATINGUETA;-22,79671634;-45,17777735;118044
GUARATINGUETA;-22,79708764;-45,17486348;118044
GUARATINGUETA;-22,82128657;-45,18881671;118044
GUARATINGUETA;-22,82128657;-45,18881671;118044
GUARATINGUETA;-22,8096504;-45,1764115;118044
GUARATINGUETA;-22,82886841;-45,19597979;118044
GUARATINGUETA;-22,80053949;-45,19781195;118044
GUARATINGUETA;-22,79323215;-45,21276015;118044
GUARATINGUETA;-22,7892582;-45,17939353;118044
GUARATINGUETA;-22,7966375;-45,1773067;118044
GUARATINGUETA;-22,802093;-45,1729575;118044
GUARATINGUETA;-22,7959153;-45,1752675;118044
GUARATINGUETA;-22,82886841;-45,19597979;118044
GUARATINGUETA;-22,82264943;-45,19101993;118044
GUARATINGUETA;-22,82886841;-45,19597979;118044
GUARATINGUETA;-22,80053949;-45,19781195;118044
GUARATINGUETA;-22,80053949;-45,19781195;118044
GUARATINGUETA;-22,8041705;-45,2017884;118044
GUARATINGUETA;-22,8062164;-45,2333188;118044
GUARATINGUETA;-22,7809757;-45,2015532;118044
GUARATINGUETA;-22,7723978;-45,1891299;118044
GUARATINGUETA;-22,79708764;-45,17486348;118044
GUARATINGUETA;-22,7723978;-45,1891299;118044
GUARATINGUETA;-22,79086973;-45,17063313;118044
GUARATINGUETA;-22,8036913;-45,1859219;118044
GUARATINGUETA;-22,7905052;-45,1865493;118044
GUARATINGUETA;-22,81926171;-45,19245161;118044
GUARATINGUETA;-22,8220634;-45,1951559;118044
GUARATINGUETA;-22,81308868;-45,19658951;118044
GUARATINGUETA;-22,82514991;-45,19582195;118044
GUARATINGUETA;-22,82971188;-45,19667396;118044
GUARATINGUETA;-22,82886841;-45,19597979;118044
GUARATINGUETA;-22,81448708;-45,19725663;118044
GUARATINGUETA;-22,801342;-45,2073325;118044
GUARATINGUETA;-22,801342;-45,2073325;118044
GUARATINGUETA;-22,80132141;-45,20744656;118044
GUARATINGUETA;-22,79042413;-45,1528753;118044
GUARATINGUETA;-22,77378603;-45,18972516;118044
IGARATA;-23,20588511;-46,15313745;10605
IGARATA;-23,20796675;-46,15830238;10605
IGARATA;-23,2053349;-46,1589373;10605
ILHABELA;-23,8206125;-45,357336;34934
ILHABELA;-23,8165908;-45,3667925;34934
ILHABELA;-23,7994294;-45,3581506;34934
ILHABELA;-23,8004974;-45,3589061;34934
ILHABELA;-23,7988648;-45,3608395;34934
ILHABELA;-23,80293475;-45,36213008;34934
ILHABELA;-23,799848;-45,3581233;34934
ILHABELA;-23,8165908;-45,3667925;34934
ILHABELA;-23,8021735;-45,3616109;34934
ILHABELA;-23,8293394;-45,3565564;34934
ILHABELA;-23,82981026;-45,35453907;34934
ILHABELA;-23,8019305;-45,3614737;34934
ILHABELA;-23,81750789;-45,36446816;34934
ILHABELA;-23,8210254;-45,3712731;34934
ILHABELA;-23,82199586;-45,36937071;34934
ILHABELA;-23,7994294;-45,3581506;34934
ILHABELA;-23,799848;-45,3581233;34934
ILHABELA;-23,7994294;-45,3581506;34934
ILHABELA;-23,8005022;-45,3588742;34934
ILHABELA;-23,8206125;-45,357336;34934
ILHABELA;-23,82199586;-45,36937071;34934
ILHABELA;-23,799848;-45,3581233;34934
JACAREI;-23,315735;-45,9487892;240275
JACAREI;-23,3143953;-45,9471131;240275
JACAREI;-23,320043;-45,9448269;240275
JACAREI;-23,309639;-45,94615411;240275
JACAREI;-23,309639;-45,94615411;240275
JACAREI;-23,2946321;-45,9394114;240275
JACAREI;-23,30674998;-45,92821442;240275
JACAREI;-23,3151013;-45,92642104;240275
JACAREI;-23,28687552;-46,04777825;240275
JACAREI;-23,2651628;-46,0671261;240275
JACAREI;-23,3159329;-46,01553047;240275
JACAREI;-23,32066953;-45,99063157;240275
JACAREI;-23,2663312;-46,0674975;240275
JACAREI;-23,30742719;-45,95850677;240275
JACAREI;-23,3001952;-45,9774882;240275
JACAREI;-23,30457142;-45,96966522;240275
JACAREI;-23,25870231;-45,95613642;240275
JACAREI;-23,26160309;-45,96376648;240275
JACAREI;-23,2622476;-45,9652769;240275
JACAREI;-23,26678917;-45,96360381;240275
JACAREI;-23,26119848;-45,96673225;240275
JACAREI;-23,31795745;-45,94227115;240275
JACAREI;-23,315735;-45,9487892;240275
JACAREI;-23,3151013;-45,92642104;240275
JACAREI;-23,30690439;-45,93086885;240275
JACAREI;-23,294094;-45,98694423;240275
JACAREI;-23,2653469;-46,0672809;240275
JACAREI;-23,33619508;-46,00058764;240275
JACAREI;-23,294757;-45,9845625;240275
JACAREI;-23,3638194;-46,0187836;240275
JACAREI;-23,30110499;-45,96525312;240275
JACAREI;-23,2994561;-45,9763174;240275
JACAREI;-23,29021771;-45,95938417;240275
JACAREI;-23,29732174;-45,97891315;240275
JACAREI;-23,29732174;-45,97891315;240275
JACAREI;-23,29955511;-45,96165724;240275
JACAREI;-23,29700772;-45,9563822;240275
JACAREI;-23,30534237;-45,94464964;240275
JACAREI;-23,29468605;-45,95461804;240275
JACAREI;-23,30674998;-45,92821442;240275
JACAREI;-23,2968536;-45,9513601;240275
JACAREI;-23,312643;-45,94377878;240275
JACAREI;-23,30904769;-45,93882823;240275
JACAREI;-23,3298833;-45,9979419;240275
JACAREI;-23,33619508;-46,00058764;240275
JACAREI;-23,37042134;-46,02611705;240275
JACAREI;-23,31578507;-46,07679929;240275
JACAREI;-23,26705857;-46,06796626;240275
JACAREI;-23,3127668;-46,0087944;240275
JACAREI;-23,3069828;-45,9731565;240275
JACAREI;-23,29447369;-45,94945875;240275
JACAREI;-23,30310086;-45,93397424;240275
JACAREI;-23,2945745;-45,9605238;240275
JACAREI;-23,3151013;-45,92642104;240275
JACAREI;-23,29920035;-46,02588469;240275
JACAREI;-23,33619508;-46,00058764;240275
JACAREI;-23,30673613;-46,03378775;240275
JACAREI;-23,29920035;-46,02588469;240275
JACAREI;-23,3305997;-45,96681087;240275
JACAREI;-23,3084667;-45,9698174;240275
JACAREI;-23,29732174;-45,97891315;240275
JACAREI;-23,25905837;-45,93213853;240275
JACAREI;-23,25920593;-45,93264816;240275
JACAREI;-23,25905837;-45,93213853;240275
JACAREI;-23,320043;-45,9448269;240275
JACAREI;-23,320043;-45,9448269;240275
JACAREI;-23,3053687;-45,9280465;240275
JACAREI;-23,36912285;-45,89996611;240275
JACAREI;-23,3151013;-45,92642104;240275
JACAREI;-23,26308789;-45,92923203;240275
JACAREI;-23,25905837;-45,93213853;240275
JACAREI;-23,320043;-45,9448269;240275
JACAREI;-23,3049629;-45,9452497;240275
JACAREI;-23,30648053;-45,9364672;240275
JACAREI;-23,25905837;-45,93213853;240275
JACAREI;-23,28687552;-46,04777825;240275
JACAREI;-23,3368129;-46,0007494;240275
JACAREI;-23,3120921;-46,0087803;240275
JACAREI;-23,3368129;-46,0007494;240275
JACAREI;-23,28687552;-46,04777825;240275
JACAREI;-23,32140106;-46,03008072;240275
JACAREI;-23,3210915;-46,01479186;240275
JACAREI;-23,3654535;-46,0267417;240275
JACAREI;-23,30130542;-46,02248956;240275
JACAREI;-23,3631815;-46,018329;240275
JACAREI;-23,33619508;-46,00058764;240275
JACAREI;-23,3305997;-45,96681087;240275
JACAREI;-23,32149523;-45,96696121;240275
JACAREI;-23,2949078;-45,94904666;240275
JACAREI;-23,320043;-45,9448269;240275
JACAREI;-23,29638728;-45,94559319;240275
JACAREI;-23,30904769;-45,93882823;240275
JACAREI;-23,29445322;-45,9265849;240275
JACAREI;-23,29623435;-45,92706363;240275
JACAREI;-23,3368129;-46,0007494;240275
JACAREI;-23,29845084;-45,98504132;240275
JACAREI;-23,3368129;-46,0007494;240275
JACAREI;-23,3210915;-46,01479186;240275
JACAREI;-23,36791413;-46,02387186;240275
JACAREI;-23,26160309;-45,96376648;240275
JACAREI;-23,26269468;-45,96490783;240275
JACAREI;-23,2611651;-45,9666541;240275
JACAREI;-23,2931027;-45,942851;240275
JACAREI;-23,30828113;-45,93944508;240275
JACAREI;-23,315735;-45,9487892;240275
JACAREI;-23,2902635;-45,9506999;240275
JACAREI;-23,25905837;-45,93213853;240275
JACAREI;-23,3076886;-46,0333594;240275
JACAREI;-23,31142275;-46,01097903;240275
JACAREI;-23,31526179;-46,01478929;240275
JACAREI;-23,31142275;-46,01097903;240275
JACAREI;-23,32068953;-45,96705403;240275
JACAREI;-23,3240027;-45,9684809;240275
JACAREI;-23,317814;-45,9683443;240275
JACAREI;-23,2528021;-45,972934;240275
JACAREI;-23,26486903;-45,96759374;240275
JACAREI;-23,31063353;-45,94299273;240275
JACAREI;-23,3143953;-45,9471131;240275
JACAREI;-23,3143953;-45,9471131;240275
JACAREI;-23,3143953;-45,9471131;240275
JACAREI;-23,315735;-45,9487892;240275
JACAREI;-23,3182825;-45,9313092;240275
JACAREI;-23,315735;-45,9487892;240275
JACAREI;-23,30534237;-45,94464964;240275
JACAREI;-23,33619508;-46,00058764;240275
JACAREI;-23,2875344;-46,03428694;240275
JACAREI;-23,25821469;-45,94931553;240275
JACAREI;-23,3298833;-45,9979419;240275
JACAREI;-23,30148395;-46,02453595;240275
JACAREI;-23,25821469;-45,94931553;240275
JACAREI;-23,26705857;-46,06796626;240275
JACAREI;-23,3361204;-46,0009788;240275
JACAREI;-23,29220175;-46,03789111;240275
JACAREI;-23,29732174;-45,97891315;240275
JACAREI;-23,32191983;-45,965553;240275
JACAREI;-23,30538219;-45,96573265;240275
JACAREI;-23,2868593;-45,9700271;240275
JACAREI;-23,25905837;-45,93213853;240275
JACAREI;-23,30209241;-45,94366791;240275
JACAREI;-23,29955511;-45,96165724;240275
JACAREI;-23,2613125;-45,9275;240275
JACAREI;-23,25920593;-45,93264816;240275
JACAREI;-23,3143953;-45,9471131;240275
JACAREI;-23,3250727;-45,9161197;240275
JACAREI;-23,26441906;-46,06660069;240275
JACAREI;-23,3077125;-46,0333222;240275
JACAREI;-23,30148395;-46,02453595;240275
JACAREI;-23,33619508;-46,00058764;240275
JACAREI;-23,30148395;-46,02453595;240275
JACAREI;-23,3163942;-46,0177606;240275
JACAREI;-23,30593839;-45,96559687;240275
JACAREI;-23,2991973;-45,964728;240275
JACAREI;-23,26160309;-45,96376648;240275
JACAREI;-23,263253;-45,9600195;240275
JACAREI;-23,26678917;-45,96360381;240275
JACAREI;-23,26678917;-45,96360381;240275
JACAREI;-23,2611651;-45,9666541;240275
JACAREI;-23,3011253;-45,92668988;240275
JACAREI;-23,2613125;-45,9275;240275
JACAREI;-23,3143953;-45,9471131;240275
JACAREI;-23,3363792;-46,0001412;240275
JACAREI;-23,33619508;-46,00058764;240275
JACAREI;-23,32210928;-46,01275054;240275
JACAREI;-23,33619508;-46,00058764;240275
JACAREI;-23,3176456;-46,0169968;240275
JACAREI;-23,3253304;-45,993328;240275
JACAREI;-23,30831028;-45,96948698;240275
JACAREI;-23,30634478;-45,96020129;240275
JACAREI;-23,29732174;-45,97891315;240275
JACAREI;-23,30609696;-45,92986348;240275
JACAREI;-23,3143953;-45,9471131;240275
JACAREI;-23,29227119;-45,94798239;240275
JACAREI;-23,25920593;-45,93264816;240275
JACAREI;-23,29202579;-45,94319786;240275
JACAREI;-23,2613125;-45,9275;240275
JACAREI;-23,2955086;-45,94750647;240275
JACAREI;-23,2613125;-45,9275;240275
JACAREI;-23,3151013;-45,92642104;240275
JACAREI;-23,2924824;-46,03424074;240275
JACAREI;-23,30190408;-45,97864735;240275
JACAREI;-23,3103281;-46,00879165;240275
JACAREI;-23,30190408;-45,97864735;240275
JACAREI;-23,29732174;-45,97891315;240275
JACAREI;-23,3001952;-45,9774882;240275
JACAREI;-23,2611651;-45,9666541;240275
JACAREI;-23,26081671;-45,96463131;240275
JACAREI;-23,2596641;-45,9631191;240275
JACAREI;-23,2611651;-45,9666541;240275
JACAREI;-23,3143953;-45,9471131;240275
JACAREI;-23,3207999;-45,9399818;240275
JACAREI;-23,309639;-45,94615411;240275
JACAREI;-23,2587267;-45,9329978;240275
JACAREI;-23,3649639;-46,0180864;240275
JACAREI;-23,30673613;-46,03378775;240275
JACAREI;-23,30637222;-45,95745955;240275
JAMBEIRO;-23,31784187;-45,72609407;6397
JAMBEIRO;-23,31784187;-45,72609407;6397
JAMBEIRO;-23,31784187;-45,72609407;6397
JAMBEIRO;-23,31784187;-45,72609407;6397
JAMBEIRO;-23,2558662;-45,6923623;6397
JAMBEIRO;-23,31784187;-45,72609407;6397
LAGOINHA;-23,09094554;-45,19074348;5083
LAVRINHAS;-22,5557629;-44,9220273;7171
LAVRINHAS;-22,55981357;-44,82961242;7171
LAVRINHAS;-22,55981357;-44,82961242;7171
LAVRINHAS;-22,55420655;-44,92445587;7171
LAVRINHAS;-22,55420655;-44,92445587;7171
LAVRINHAS;-22,55981357;-44,82961242;7171
LAVRINHAS;-22,5131102;-44,8692573;7171
LAVRINHAS;-22,55981357;-44,82961242;7171
LORENA;-22,7350158;-45,0938333;84855
LORENA;-22,72887853;-45,11225764;84855
LORENA;-22,738448;-45,09287736;84855
LORENA;-22,74620293;-45,10119469;84855
LORENA;-22,73678436;-45,09391786;84855
LORENA;-22,73678436;-45,09391786;84855
LORENA;-22,7357453;-45,0963735;84855
LORENA;-22,7375476;-45,0953178;84855
LORENA;-22,73678436;-45,09391786;84855
LORENA;-22,7357453;-45,0963735;84855
LORENA;-22,74362292;-45,09688476;84855
LORENA;-22,746885;-45,1337201;84855
LORENA;-22,7632826;-45,1316572;84855
LORENA;-22,7348827;-45,1183782;84855
LORENA;-22,74661347;-45,13318966;84855
LORENA;-22,74807168;-45,1213734;84855
LORENA;-22,74880578;-45,12121938;84855
LORENA;-22,75014966;-45,12444341;84855
LORENA;-22,7235122;-45,1225598;84855
LORENA;-22,74692434;-45,13362618;84855
LORENA;-22,74692434;-45,13362618;84855
LORENA;-22,74807168;-45,1213734;84855
LORENA;-22,75705767;-45,13050024;84855
LORENA;-22,7358056;-45,0935447;84855
LORENA;-22,7367386;-45,0939094;84855
LORENA;-22,735714;-45,09195465;84855
LORENA;-22,73367794;-45,09241082;84855
LORENA;-22,7350158;-45,0938333;84855
LORENA;-22,735714;-45,09195465;84855
LORENA;-22,7514563;-45,1375709;84855
LORENA;-22,7348827;-45,1183782;84855
LORENA;-22,75705767;-45,13050024;84855
LORENA;-22,7494419;-45,1245392;84855
LORENA;-22,74692434;-45,13362618;84855
LORENA;-22,7443749;-45,1300515;84855
LORENA;-22,74785139;-45,1349279;84855
LORENA;-22,7477078;-45,1235726;84855
LORENA;-22,735714;-45,09195465;84855
LORENA;-22,73367794;-45,09241082;84855
LORENA;-22,7375476;-45,0953178;84855
LORENA;-22,74179007;-45,09786204;84855
LORENA;-22,7159446;-45,1107332;84855
LORENA;-22,75356075;-45,13258947;84855
LORENA;-22,74880578;-45,12121938;84855
LORENA;-22,7547978;-45,1321837;84855
LORENA;-22,74661347;-45,13318966;84855
LORENA;-22,74351808;-45,12718402;84855
LORENA;-22,74546008;-45,13415458;84855
LORENA;-22,74807168;-45,1213734;84855
LORENA;-22,75356075;-45,13258947;84855
LORENA;-22,7348827;-45,1183782;84855
LORENA;-22,7504284;-45,1329346;84855
LORENA;-22,74895438;-45,13402818;84855
LORENA;-22,74588916;-45,13448607;84855
LORENA;-22,74880759;-45,08523126;84855
LORENA;-22,74620293;-45,10119469;84855
LORENA;-22,735714;-45,09195465;84855
LORENA;-22,735714;-45,09195465;84855
LORENA;-22,73678436;-45,09391786;84855
LORENA;-22,73678436;-45,09391786;84855
LORENA;-22,74377427;-45,12855213;84855
LORENA;-22,74661347;-45,13318966;84855
LORENA;-22,74588916;-45,13448607;84855
LORENA;-22,7458204;-45,112764;84855
LORENA;-22,74588916;-45,13448607;84855
LORENA;-22,7490874;-45,1341646;84855
LORENA;-22,74588916;-45,13448607;84855
LORENA;-22,7489629;-45,1262938;84855
LORENA;-22,74364322;-45,12785232;84855
LORENA;-22,72179402;-45,12323535;84855
LORENA;-22,75518048;-45,1312202;84855
LORENA;-22,7375379;-45,120083;84855
LORENA;-22,7348827;-45,1183782;84855
LORENA;-22,74807168;-45,1213734;84855
LORENA;-22,7375476;-45,0953178;84855
LORENA;-22,75000057;-45,10864519;84855
LORENA;-22,74179007;-45,09786204;84855
LORENA;-22,7358056;-45,0935447;84855
LORENA;-22,7423413;-45,0988188;84855
LORENA;-22,7375476;-45,0953178;84855
LORENA;-22,7358056;-45,0935447;84855
LORENA;-22,7348827;-45,1183782;84855
LORENA;-22,74807168;-45,1213734;84855
LORENA;-22,74661347;-45,13318966;84855
LORENA;-22,72339067;-45,1218515;84855
LORENA;-22,74364322;-45,12785232;84855
LORENA;-22,72125976;-45,12316382;84855
LORENA;-22,7240426;-45,1227782;84855
LORENA;-22,72179402;-45,12323535;84855
LORENA;-22,74692434;-45,13362618;84855
LORENA;-22,75089627;-45,1310297;84855
LORENA;-22,7348827;-45,1183782;84855
LORENA;-22,74100455;-45,12659784;84855
LORENA;-22,75014966;-45,12444341;84855
LORENA;-22,74661347;-45,13318966;84855
LORENA;-22,7358056;-45,0935447;84855
LORENA;-22,7358056;-45,0935447;84855
LORENA;-22,7423413;-45,0988188;84855
LORENA;-22,73678436;-45,09391786;84855
LORENA;-22,74179007;-45,09786204;84855
LORENA;-22,7348827;-45,1183782;84855
LORENA;-22,7348827;-45,1183782;84855
LORENA;-22,749375;-45,1309261;84855
LORENA;-22,74774174;-45,13226796;84855
LORENA;-22,72179402;-45,12323535;84855
LORENA;-22,7472709;-45,133342;84855
LORENA;-22,7475892;-45,1345032;84855
LORENA;-22,75089627;-45,1310297;84855
LORENA;-22,7492905;-45,1323352;84855
LORENA;-22,747747;-45,1322256;84855
LORENA;-22,7479293;-45,1348046;84855
LORENA;-22,74774174;-45,13226796;84855
LORENA;-22,7348827;-45,1183782;84855
LORENA;-22,7285221;-45,1109212;84855
LORENA;-22,74362292;-45,09688476;84855
LORENA;-22,7378028;-45,100864;84855
LORENA;-22,74303416;-45,12454196;84855
LORENA;-22,74922179;-45,13441636;84855
LORENA;-22,7514174;-45,1315875;84855
LORENA;-22,74478777;-45,13330642;84855
LORENA;-22,74995363;-45,12758969;84855
LORENA;-22,74922179;-45,13441636;84855
LORENA;-22,74484555;-45,10119361;84855
LORENA;-22,735714;-45,09195465;84855
LORENA;-22,7377268;-45,0932902;84855
LORENA;-22,7377268;-45,0932902;84855
LORENA;-22,73451961;-45,09629736;84855
LORENA;-22,7348827;-45,1183782;84855
LORENA;-22,7396615;-45,09468621;84855
LORENA;-22,74661347;-45,13318966;84855
LORENA;-22,74303416;-45,12454196;84855
LORENA;-22,7415307;-45,1172169;84855
LORENA;-22,7498179;-45,1344639;84855
LORENA;-22,7472709;-45,133342;84855
LORENA;-22,74659596;-45,13242877;84855
LORENA;-22,74244548;-45,12808801;84855
LORENA;-22,7482218;-45,12651136;84855
LORENA;-22,74364322;-45,12785232;84855
LORENA;-22,74364322;-45,12785232;84855
LORENA;-22,73499027;-45,10065378;84855
LORENA;-22,7396615;-45,09468621;84855
LORENA;-22,7358056;-45,0935447;84855
LORENA;-22,7348827;-45,1183782;84855
LORENA;-22,72242298;-45,1098734;84855
LORENA;-22,7348827;-45,1183782;84855
LORENA;-22,7348827;-45,1183782;84855
LORENA;-22,74765618;-45,13567169;84855
LORENA;-22,74765618;-45,13567169;84855
LORENA;-22,74588916;-45,13448607;84855
LORENA;-22,7498179;-45,1344639;84855
LORENA;-22,74364322;-45,12785232;84855
LORENA;-22,74244548;-45,12808801;84855
LORENA;-22,75014966;-45,12444341;84855
LORENA;-22,7482218;-45,12651136;84855
LORENA;-22,74364322;-45,12785232;84855
LORENA;-22,74423683;-45,12566439;84855
LORENA;-22,75014966;-45,12444341;84855
LORENA;-22,745094;-45,1219499;84855
LORENA;-22,7423413;-45,0988188;84855
LORENA;-22,744792;-45,1037486;84855
LORENA;-22,73499027;-45,10065378;84855
LORENA;-22,74179007;-45,09786204;84855
LORENA;-22,744792;-45,1037486;84855
LORENA;-22,73499027;-45,10065378;84855
LORENA;-22,74179007;-45,09786204;84855
LORENA;-22,74244548;-45,12808801;84855
LORENA;-22,74399881;-45,12433994;84855
LORENA;-22,7348827;-45,1183782;84855
LORENA;-22,74765618;-45,13567169;84855
LORENA;-22,72179402;-45,12323535;84855
LORENA;-22,7472709;-45,133342;84855
LORENA;-22,7498179;-45,1344639;84855
LORENA;-22,7438488;-45,1235662;84855
LORENA;-22,7423413;-45,0988188;84855
LORENA;-22,7358056;-45,0935447;84855
LORENA;-22,74179007;-45,09786204;84855
LORENA;-22,74362292;-45,09688476;84855
LORENA;-22,74179007;-45,09786204;84855
LORENA;-22,74364322;-45,12785232;84855
LORENA;-22,7635289;-45,1283005;84855
LORENA;-22,74244548;-45,12808801;84855
LORENA;-22,7375476;-45,0953178;84855
LORENA;-22,7475892;-45,1345032;84855
LORENA;-22,74364322;-45,12785232;84855
LORENA;-22,7545638;-45,1321808;84855
LORENA;-22,74244548;-45,12808801;84855
LORENA;-22,74364322;-45,12785232;84855
LORENA;-22,74765618;-45,13567169;84855
MONTEIRO LOBATO;-22,86122615;-45,77287967;4138
PARAIBUNA;-23,5011273;-45,6385125;17667
PARAIBUNA;-23,39096917;-45,66204921;17667
PARAIBUNA;-23,3710047;-45,6741589;17667
PARAIBUNA;-23,5011273;-45,6385125;17667
PARAIBUNA;-23,3879059;-45,6627768;17667
PARAIBUNA;-23,3852081;-45,6634189;17667
PARAIBUNA;-23,3992741;-45,6619954;17667
PARAIBUNA;-23,3862795;-45,6621688;17667
PARAIBUNA;-23,3934661;-45,6611442;17667
PARAIBUNA;-23,3911747;-45,6606319;17667
PARAIBUNA;-23,3992741;-45,6619954;17667
PARAIBUNA;-23,37052014;-45,67035104;17667
PARAIBUNA;-23,3717769;-45,6706876;17667
PARAIBUNA;-23,38623649;-45,66414827;17667
PINDAMONHANGABA;-22,9183265;-45,4461824;165428
PINDAMONHANGABA;-22,91853544;-45,4468141;165428
PINDAMONHANGABA;-22,9235363;-45,4469581;165428
PINDAMONHANGABA;-22,92014544;-45,44509827;165428
PINDAMONHANGABA;-22,8875123;-45,3692868;165428
PINDAMONHANGABA;-22,9397608;-45,4012798;165428
PINDAMONHANGABA;-22,94867934;-45,40865759;165428
PINDAMONHANGABA;-22,9175018;-45,3615191;165428
PINDAMONHANGABA;-22,9519605;-45,4998627;165428
PINDAMONHANGABA;-22,937216;-45,4670526;165428
PINDAMONHANGABA;-22,93416046;-45,46379152;165428
PINDAMONHANGABA;-22,9519605;-45,4998627;165428
PINDAMONHANGABA;-22,945813;-45,5113569;165428
PINDAMONHANGABA;-22,92014544;-45,44509827;165428
PINDAMONHANGABA;-22,9152075;-45,4319947;165428
PINDAMONHANGABA;-22,94969965;-45,40393583;165428
PINDAMONHANGABA;-22,9520709;-45,41083945;165428
PINDAMONHANGABA;-22,92404336;-45,46770162;165428
PINDAMONHANGABA;-22,94476683;-45,50910288;165428
PINDAMONHANGABA;-22,92389794;-45,46495746;165428
PINDAMONHANGABA;-22,92476151;-45,46565143;165428
PINDAMONHANGABA;-22,93416046;-45,46379152;165428
PINDAMONHANGABA;-22,9521635;-45,4995666;165428
PINDAMONHANGABA;-22,95324818;-45,49822579;165428
PINDAMONHANGABA;-22,9549354;-45,4585498;165428
PINDAMONHANGABA;-22,92014544;-45,44509827;165428
PINDAMONHANGABA;-22,92014544;-45,44509827;165428
PINDAMONHANGABA;-22,9246486;-45,4378384;165428
PINDAMONHANGABA;-22,9403699;-45,4774513;165428
PINDAMONHANGABA;-22,95889898;-45,49056641;165428
PINDAMONHANGABA;-22,9457505;-45,5112873;165428
PINDAMONHANGABA;-22,9183265;-45,4461824;165428
PINDAMONHANGABA;-22,91853544;-45,4468141;165428
PINDAMONHANGABA;-22,9183265;-45,4461824;165428
PINDAMONHANGABA;-22,90297403;-45,37633846;165428
PINDAMONHANGABA;-22,9060253;-45,3754192;165428
PINDAMONHANGABA;-22,89995144;-45,38025435;165428
PINDAMONHANGABA;-22,9479534;-45,5031979;165428
PINDAMONHANGABA;-22,95025872;-45,49831472;165428
PINDAMONHANGABA;-22,95025872;-45,49831472;165428
PINDAMONHANGABA;-22,95972408;-45,48734709;165428
PINDAMONHANGABA;-22,9508751;-45,5007394;165428
PINDAMONHANGABA;-22,9183265;-45,4461824;165428
PINDAMONHANGABA;-22,91853544;-45,4468141;165428
PINDAMONHANGABA;-22,92014544;-45,44509827;165428
PINDAMONHANGABA;-22,92211639;-45,44929774;165428
PINDAMONHANGABA;-22,9183265;-45,4461824;165428
PINDAMONHANGABA;-22,9183265;-45,4461824;165428
PINDAMONHANGABA;-22,8986489;-45,3799692;165428
PINDAMONHANGABA;-22,93416046;-45,46379152;165428
PINDAMONHANGABA;-22,9263928;-45,4620404;165428
PINDAMONHANGABA;-22,9452311;-45,46302688;165428
PINDAMONHANGABA;-22,954777;-45,5019584;165428
PINDAMONHANGABA;-22,94394288;-45,5002556;165428
PINDAMONHANGABA;-22,95518749;-45,48940591;165428
PINDAMONHANGABA;-22,9519605;-45,4998627;165428
PINDAMONHANGABA;-22,95887723;-45,45799375;165428
PINDAMONHANGABA;-22,9266359;-45,4482077;165428
PINDAMONHANGABA;-22,9262723;-45,4518281;165428
PINDAMONHANGABA;-22,8988914;-45,3799009;165428
PINDAMONHANGABA;-22,9521635;-45,4995666;165428
PINDAMONHANGABA;-22,91679914;-45,33430888;165428
PINDAMONHANGABA;-22,9315095;-45,46216401;165428
PINDAMONHANGABA;-22,9319908;-45,4653742;165428
PINDAMONHANGABA;-22,95499357;-45,4596444;165428
PINDAMONHANGABA;-22,92014544;-45,44509827;165428
PINDAMONHANGABA;-22,92014544;-45,44509827;165428
PINDAMONHANGABA;-22,944979;-45,4600299;165428
PINDAMONHANGABA;-22,90605706;-45,37549916;165428
PINDAMONHANGABA;-22,9410527;-45,396302;165428
PINDAMONHANGABA;-22,93706739;-45,47086661;165428
PINDAMONHANGABA;-22,9519605;-45,4998627;165428
PINDAMONHANGABA;-22,91853544;-45,4468141;165428
PINDAMONHANGABA;-22,95499357;-45,4596444;165428
PINDAMONHANGABA;-22,9057429;-45,3775866;165428
PINDAMONHANGABA;-22,89860477;-45,37800468;165428
PINDAMONHANGABA;-22,9239926;-45,4666413;165428
PINDAMONHANGABA;-22,9521635;-45,4995666;165428
PINDAMONHANGABA;-22,9387232;-45,5107643;165428
PINDAMONHANGABA;-22,9549311;-45,4575063;165428
PINDAMONHANGABA;-22,99033307;-45,39064606;165428
PINDAMONHANGABA;-22,89953717;-45,37856009;165428
PINDAMONHANGABA;-22,90297403;-45,37633846;165428
PINDAMONHANGABA;-22,92356167;-45,43434012;165428
PINDAMONHANGABA;-22,94760953;-45,3954497;165428
PINDAMONHANGABA;-22,94392979;-45,46442213;165428
PINDAMONHANGABA;-22,9533097;-45,4855867;165428
PINDAMONHANGABA;-22,95324818;-45,49822579;165428
PINDAMONHANGABA;-22,94400212;-45,51132524;165428
PINDAMONHANGABA;-22,9519605;-45,4998627;165428
PINDAMONHANGABA;-22,9549354;-45,4585498;165428
PINDAMONHANGABA;-22,92014544;-45,44509827;165428
PINDAMONHANGABA;-22,9549311;-45,4575063;165428
PINDAMONHANGABA;-22,9053615;-45,3815576;165428
PINDAMONHANGABA;-22,90544124;-45,37805207;165428
PINDAMONHANGABA;-22,90544124;-45,37805207;165428
PINDAMONHANGABA;-22,94577967;-45,41473813;165428
PINDAMONHANGABA;-22,9533097;-45,4855867;165428
PINDAMONHANGABA;-22,9263928;-45,4620404;165428
PINDAMONHANGABA;-22,9427418;-45,5009828;165428
PINDAMONHANGABA;-22,9549311;-45,4575063;165428
PINDAMONHANGABA;-22,9352959;-45,4663236;165428
PINDAMONHANGABA;-22,9507755;-45,4999315;165428
PINDAMONHANGABA;-22,9509529;-45,5025093;165428
PINDAMONHANGABA;-22,9496025;-45,4976486;165428
PINDAMONHANGABA;-22,9413267;-45,4583002;165428
PINDAMONHANGABA;-22,8965808;-45,3827905;165428
PINDAMONHANGABA;-22,90578598;-45,37766856;165428
PIQUETE;-22,6138409;-45,1770961;12490
PIQUETE;-22,60295153;-45,18895269;12490
PIQUETE;-22,6055967;-45,1870953;12490
PIQUETE;-22,61736505;-45,17372501;12490
PIQUETE;-22,6138409;-45,1770961;12490
PIQUETE;-22,6138409;-45,1770961;12490
PIQUETE;-22,61736505;-45,17372501;12490
POTIM;-22,83325259;-45,25152149;20392
POTIM;-22,8264191;-45,2490488;20392
POTIM;-22,83325259;-45,25152149;20392
POTIM;-22,8293177;-45,2997382;20392
POTIM;-22,82612783;-45,26904146;20392
POTIM;-22,8366698;-45,2530079;20392
POTIM;-22,8264191;-45,2490488;20392
POTIM;-22,829899;-45,2575262;20392
POTIM;-22,81856285;-45,24539327;20392
POTIM;-22,82612783;-45,26904146;20392
POTIM;-22,8348405;-45,2547098;20392
POTIM;-22,82612783;-45,26904146;20392
POTIM;-22,83604051;-45,26108944;20392
POTIM;-22,8399271;-45,2524676;20392
POTIM;-22,8383884;-45,2572433;20392
POTIM;-22,8316934;-45,2583946;20392
POTIM;-22,8301683;-45,2595525;20392
POTIM;-22,82604316;-45,27152545;20392
POTIM;-22,8383884;-45,2572433;20392
POTIM;-22,83012295;-45,25949773;20392
POTIM;-22,8385626;-45,2555951;20392
POTIM;-22,8385626;-45,2555951;20392
POTIM;-22,8385626;-45,2555951;20392
POTIM;-22,8264191;-45,2490488;20392
POTIM;-22,83289869;-45,25999747;20392
POTIM;-22,8264191;-45,2490488;20392
POTIM;-22,8264191;-45,2490488;20392
POTIM;-22,8385626;-45,2555951;20392
POTIM;-22,8385626;-45,2555951;20392
POTIM;-22,8385626;-45,2555951;20392
POTIM;-22,8385626;-45,2555951;20392
POTIM;-22,8293177;-45,2997382;20392
POTIM;-22,8385626;-45,2555951;20392
POTIM;-22,8385626;-45,2555951;20392
POTIM;-22,83768526;-45,25606484;20392
POTIM;-22,8293177;-45,2997382;20392
POTIM;-22,8385626;-45,2555951;20392
POTIM;-22,8385626;-45,2555951;20392
POTIM;-22,8385626;-45,2555951;20392
QUELUZ;-22,5019755;-44,7943804;9159
QUELUZ;-22,5372143;-44,7745114;9159
QUELUZ;-22,5019755;-44,7943804;9159
QUELUZ;-22,53924004;-44,77953457;9159
QUELUZ;-22,5372143;-44,7745114;9159
QUELUZ;-22,5372143;-44,7745114;9159
QUELUZ;-22,54760722;-44,78553469;9159
QUELUZ;-22,5372143;-44,7745114;9159
QUELUZ;-22,5372143;-44,7745114;9159
ROSEIRA;-22,9016701;-45,3093535;10832
ROSEIRA;-22,8921998;-45,3133629;10832
ROSEIRA;-22,9016701;-45,3093535;10832
ROSEIRA;-22,89958911;-45,30997175;10832
ROSEIRA;-22,8898604;-45,3028692;10832
ROSEIRA;-22,9007572;-45,3090077;10832
ROSEIRA;-22,9007735;-45,3042444;10832
ROSEIRA;-22,8921998;-45,3133629;10832
ROSEIRA;-22,8921998;-45,3133629;10832
ROSEIRA;-22,9016491;-45,3093036;10832
ROSEIRA;-22,89215796;-45,31426175;10832
S.ANTONIO DO PINHAL;-22,8245614;-45,6682434;7133
S.ANTONIO DO PINHAL;-22,8224788;-45,6766734;7133
S.ANTONIO DO PINHAL;-22,82259789;-45,67347257;7133
S.BENTO DO SAPUCAI;-22,7454702;-45,6576062;11684
S.BENTO DO SAPUCAI;-22,6930544;-45,7341374;11684
S.BRANCA;-23,39839615;-45,88117134;13975
S.BRANCA;-23,39523796;-45,8899832;13975
S.BRANCA;-23,453672;-45,93415892;13975
S.BRANCA;-23,398099;-45,8788945;13975
S.BRANCA;-23,40237673;-45,88084048;13975
S.BRANCA;-23,39710229;-45,88523079;13975
S.BRANCA;-23,3990935;-45,8805922;13975
S.BRANCA;-23,3957698;-45,88877508;13975
S.JOSE DO BARREIRO;-22,64478799;-44,57879761;3853
S.JOSE DOS CAMPOS;-23,1874275;-45,8845869;697428
S.JOSE DOS CAMPOS;-23,24391616;-45,90098497;697428
S.JOSE DOS CAMPOS;-23,27388545;-45,9024325;697428
S.JOSE DOS CAMPOS;-23,24525613;-45,8982361;697428
S.JOSE DOS CAMPOS;-23,24835666;-45,89838783;697428
S.JOSE DOS CAMPOS;-23,25530095;-45,90101044;697428
S.JOSE DOS CAMPOS;-23,2397732;-45,90224;697428
S.JOSE DOS CAMPOS;-23,25891125;-45,90738971;697428
S.JOSE DOS CAMPOS;-23,279286;-45,89458821;697428
S.JOSE DOS CAMPOS;-23,279286;-45,89458821;697428
S.JOSE DOS CAMPOS;-23,26757017;-45,89348706;697428
S.JOSE DOS CAMPOS;-23,279286;-45,89458821;697428
S.JOSE DOS CAMPOS;-23,2724724;-45,9018226;697428
S.JOSE DOS CAMPOS;-23,2696313;-45,8975663;697428
S.JOSE DOS CAMPOS;-23,2631343;-45,8936444;697428
S.JOSE DOS CAMPOS;-23,16751901;-45,91568883;697428
S.JOSE DOS CAMPOS;-23,1378586;-45,9094735;697428
S.JOSE DOS CAMPOS;-23,1379313;-45,8982185;697428
S.JOSE DOS CAMPOS;-23,126717;-45,8677193;697428
S.JOSE DOS CAMPOS;-23,126717;-45,8677193;697428
S.JOSE DOS CAMPOS;-23,14985559;-45,89823542;697428
S.JOSE DOS CAMPOS;-23,16751901;-45,91568883;697428
S.JOSE DOS CAMPOS;-23,1379313;-45,8982185;697428
S.JOSE DOS CAMPOS;-23,14985559;-45,89823542;697428
S.JOSE DOS CAMPOS;-23,17135031;-45,84875042;697428
S.JOSE DOS CAMPOS;-23,13851504;-45,77287399;697428
S.JOSE DOS CAMPOS;-23,17157515;-45,84409123;697428
S.JOSE DOS CAMPOS;-23,17135031;-45,84875042;697428
S.JOSE DOS CAMPOS;-23,17157515;-45,84409123;697428
S.JOSE DOS CAMPOS;-23,14092296;-45,77813572;697428
S.JOSE DOS CAMPOS;-23,1714141;-45,8475929;697428
S.JOSE DOS CAMPOS;-23,20341714;-45,85572818;697428
S.JOSE DOS CAMPOS;-23,1730424;-45,8102648;697428
S.JOSE DOS CAMPOS;-23,2269402;-45,7940116;697428
S.JOSE DOS CAMPOS;-23,19089076;-45,78348514;697428
S.JOSE DOS CAMPOS;-23,2605796;-45,8200303;697428
S.JOSE DOS CAMPOS;-23,2215051;-45,8826668;697428
S.JOSE DOS CAMPOS;-23,272473;-45,886534;697428
S.JOSE DOS CAMPOS;-23,273554;-45,8847921;697428
S.JOSE DOS CAMPOS;-23,17894161;-45,8768902;697428
S.JOSE DOS CAMPOS;-23,27043846;-45,89931853;697428
S.JOSE DOS CAMPOS;-23,24690732;-45,89797935;697428
S.JOSE DOS CAMPOS;-23,244876;-45,8992399;697428
S.JOSE DOS CAMPOS;-23,27043846;-45,89931853;697428
S.JOSE DOS CAMPOS;-23,24690732;-45,89797935;697428
S.JOSE DOS CAMPOS;-23,24642033;-45,89804318;697428
S.JOSE DOS CAMPOS;-23,26960458;-45,90035268;697428
S.JOSE DOS CAMPOS;-23,1379313;-45,8982185;697428
S.JOSE DOS CAMPOS;-23,1561132;-45,89986605;697428
S.JOSE DOS CAMPOS;-23,12348625;-45,86326592;697428
S.JOSE DOS CAMPOS;-23,16751901;-45,91568883;697428
S.JOSE DOS CAMPOS;-23,1624896;-45,910853;697428
S.JOSE DOS CAMPOS;-23,10838652;-45,94498082;697428
S.JOSE DOS CAMPOS;-23,14158249;-45,91007862;697428
S.JOSE DOS CAMPOS;-23,1344465;-45,8895101;697428
S.JOSE DOS CAMPOS;-23,16546406;-45,90902347;697428
S.JOSE DOS CAMPOS;-23,16847012;-45,84352568;697428
S.JOSE DOS CAMPOS;-23,1714141;-45,8475929;697428
S.JOSE DOS CAMPOS;-23,1714141;-45,8475929;697428
S.JOSE DOS CAMPOS;-23,1714141;-45,8475929;697428
S.JOSE DOS CAMPOS;-23,2164487;-45,8399418;697428
S.JOSE DOS CAMPOS;-23,2547468;-45,8341178;697428
S.JOSE DOS CAMPOS;-23,2263031;-45,7948057;697428
S.JOSE DOS CAMPOS;-23,167892;-45,7865402;697428
S.JOSE DOS CAMPOS;-23,2263031;-45,7948057;697428
S.JOSE DOS CAMPOS;-23,21620005;-45,88502686;697428
S.JOSE DOS CAMPOS;-23,2709764;-45,886417;697428
S.JOSE DOS CAMPOS;-23,228823;-45,8911755;697428
S.JOSE DOS CAMPOS;-23,1830794;-45,877564;697428
S.JOSE DOS CAMPOS;-23,1759427;-45,87381049;697428
S.JOSE DOS CAMPOS;-23,279286;-45,89458821;697428
S.JOSE DOS CAMPOS;-23,2773905;-45,8948309;697428
S.JOSE DOS CAMPOS;-23,2453887;-45,89758108;697428
S.JOSE DOS CAMPOS;-23,26757017;-45,89348706;697428
S.JOSE DOS CAMPOS;-23,25891125;-45,90738971;697428
S.JOSE DOS CAMPOS;-23,27887154;-45,89621639;697428
S.JOSE DOS CAMPOS;-23,2729719;-45,899824;697428
S.JOSE DOS CAMPOS;-23,2724724;-45,9018226;697428
S.JOSE DOS CAMPOS;-23,26386633;-45,91182167;697428
S.JOSE DOS CAMPOS;-23,24690732;-45,89797935;697428
S.JOSE DOS CAMPOS;-23,14924742;-45,88789856;697428
S.JOSE DOS CAMPOS;-23,15191715;-45,91418543;697428
S.JOSE DOS CAMPOS;-23,15195378;-45,8936964;697428
S.JOSE DOS CAMPOS;-23,15195378;-45,8936964;697428
S.JOSE DOS CAMPOS;-23,13917682;-45,78789308;697428
S.JOSE DOS CAMPOS;-23,17135031;-45,84875042;697428
S.JOSE DOS CAMPOS;-23,13917682;-45,78789308;697428
S.JOSE DOS CAMPOS;-23,17135031;-45,84875042;697428
S.JOSE DOS CAMPOS;-23,1391795;-45,7875275;697428
S.JOSE DOS CAMPOS;-23,17157515;-45,84409123;697428
S.JOSE DOS CAMPOS;-23,17151105;-45,85001454;697428
S.JOSE DOS CAMPOS;-23,17993235;-45,85644426;697428
S.JOSE DOS CAMPOS;-23,1680105;-45,843214;697428
S.JOSE DOS CAMPOS;-23,2276198;-45,7957042;697428
S.JOSE DOS CAMPOS;-23,1949903;-45,8646629;697428
S.JOSE DOS CAMPOS;-23,1911681;-45,7836846;697428
S.JOSE DOS CAMPOS;-23,1839868;-45,8030173;697428
S.JOSE DOS CAMPOS;-23,227534;-45,88365215;697428
S.JOSE DOS CAMPOS;-23,17135031;-45,84875042;697428
S.JOSE DOS CAMPOS;-23,2606271;-45,9340814;697428
S.JOSE DOS CAMPOS;-23,17567539;-45,87522312;697428
S.JOSE DOS CAMPOS;-23,18323015;-45,88794228;697428
S.JOSE DOS CAMPOS;-23,1830794;-45,877564;697428
S.JOSE DOS CAMPOS;-23,1867159;-45,8883219;697428
S.JOSE DOS CAMPOS;-23,17894161;-45,8768902;697428
S.JOSE DOS CAMPOS;-23,1746674;-45,8913737;697428
S.JOSE DOS CAMPOS;-23,25530095;-45,90101044;697428
S.JOSE DOS CAMPOS;-23,27790205;-45,89835762;697428
S.JOSE DOS CAMPOS;-23,27043846;-45,89931853;697428
S.JOSE DOS CAMPOS;-23,26991502;-45,89824551;697428
S.JOSE DOS CAMPOS;-23,2792185;-45,9021853;697428
S.JOSE DOS CAMPOS;-23,27338367;-45,89812389;697428
S.JOSE DOS CAMPOS;-23,26939301;-45,89992168;697428
S.JOSE DOS CAMPOS;-23,2691475;-45,8965509;697428
S.JOSE DOS CAMPOS;-23,2466152;-45,90320776;697428
S.JOSE DOS CAMPOS;-23,26757017;-45,89348706;697428
S.JOSE DOS CAMPOS;-23,2635357;-45,8935071;697428
S.JOSE DOS CAMPOS;-23,2773941;-45,89484171;697428
S.JOSE DOS CAMPOS;-23,16751901;-45,91568883;697428
S.JOSE DOS CAMPOS;-23,1519979;-45,9146905;697428
S.JOSE DOS CAMPOS;-23,16751901;-45,91568883;697428
S.JOSE DOS CAMPOS;-23,13193627;-45,95988555;697428
S.JOSE DOS CAMPOS;-23,17974227;-45,86252782;697428
S.JOSE DOS CAMPOS;-23,15816974;-45,80459336;697428
S.JOSE DOS CAMPOS;-23,1409851;-45,7891473;697428
S.JOSE DOS CAMPOS;-23,17061422;-45,77895555;697428
S.JOSE DOS CAMPOS;-23,18510067;-45,79766898;697428
S.JOSE DOS CAMPOS;-23,17971985;-45,81348291;697428
S.JOSE DOS CAMPOS;-23,1791893;-45,7870396;697428
S.JOSE DOS CAMPOS;-23,18336418;-45,8138155;697428
S.JOSE DOS CAMPOS;-23,1674245;-45,7843952;697428
S.JOSE DOS CAMPOS;-23,2748529;-45,88561141;697428
S.JOSE DOS CAMPOS;-23,0005374;-45,8552272;697428
S.JOSE DOS CAMPOS;-23,1746674;-45,8913737;697428
S.JOSE DOS CAMPOS;-23,18201955;-45,87755405;697428
S.JOSE DOS CAMPOS;-23,1864813;-45,8884142;697428
S.JOSE DOS CAMPOS;-23,1847026;-45,8839931;697428
S.JOSE DOS CAMPOS;-23,27043846;-45,89931853;697428
S.JOSE DOS CAMPOS;-23,27043846;-45,89931853;697428
S.JOSE DOS CAMPOS;-23,24451714;-45,8982601;697428
S.JOSE DOS CAMPOS;-23,26757017;-45,89348706;697428
S.JOSE DOS CAMPOS;-23,2695877;-45,9003795;697428
S.JOSE DOS CAMPOS;-23,2743864;-45,8997929;697428
S.JOSE DOS CAMPOS;-23,1338155;-45,9082108;697428
S.JOSE DOS CAMPOS;-23,1522442;-45,9001404;697428
S.JOSE DOS CAMPOS;-23,17157515;-45,84409123;697428
S.JOSE DOS CAMPOS;-23,17157515;-45,84409123;697428
S.JOSE DOS CAMPOS;-23,1428818;-45,77994009;697428
S.JOSE DOS CAMPOS;-23,14186702;-45,78861658;697428
S.JOSE DOS CAMPOS;-23,249397;-45,8017111;697428
S.JOSE DOS CAMPOS;-23,22078694;-45,7951654;697428
S.JOSE DOS CAMPOS;-23,2526059;-45,8343336;697428
S.JOSE DOS CAMPOS;-23,25279268;-45,8344576;697428
S.JOSE DOS CAMPOS;-23,16705393;-45,80944418;697428
S.JOSE DOS CAMPOS;-23,22009113;-45,87972344;697428
S.JOSE DOS CAMPOS;-23,228823;-45,8911755;697428
S.JOSE DOS CAMPOS;-23,27232488;-45,88665646;697428
S.JOSE DOS CAMPOS;-23,2748529;-45,88561141;697428
S.JOSE DOS CAMPOS;-23,21958758;-45,8846735;697428
S.JOSE DOS CAMPOS;-23,22636218;-45,89113147;697428
S.JOSE DOS CAMPOS;-23,1828577;-45,8792859;697428
S.JOSE DOS CAMPOS;-23,18628646;-45,88016138;697428
S.JOSE DOS CAMPOS;-23,18150825;-45,87736397;697428
S.JOSE DOS CAMPOS;-23,211991;-45,8924251;697428
S.JOSE DOS CAMPOS;-23,18355808;-45,87123828;697428
S.JOSE DOS CAMPOS;-23,1762187;-45,872926;697428
S.JOSE DOS CAMPOS;-23,26989175;-45,89022788;697428
S.JOSE DOS CAMPOS;-23,27043846;-45,89931853;697428
S.JOSE DOS CAMPOS;-23,2691475;-45,8965509;697428
S.JOSE DOS CAMPOS;-23,279286;-45,89458821;697428
S.JOSE DOS CAMPOS;-23,26683787;-45,89339067;697428
S.JOSE DOS CAMPOS;-23,249904;-45,90007577;697428
S.JOSE DOS CAMPOS;-23,27099343;-45,90045797;697428
S.JOSE DOS CAMPOS;-23,2691475;-45,8965509;697428
S.JOSE DOS CAMPOS;-23,26960458;-45,90035268;697428
S.JOSE DOS CAMPOS;-23,27578846;-45,90047146;697428
S.JOSE DOS CAMPOS;-23,2691475;-45,8965509;697428
S.JOSE DOS CAMPOS;-23,27061164;-45,8895684;697428
S.JOSE DOS CAMPOS;-23,26757017;-45,89348706;697428
S.JOSE DOS CAMPOS;-23,22781141;-45,90218231;697428
S.JOSE DOS CAMPOS;-23,2697968;-45,9007868;697428
S.JOSE DOS CAMPOS;-23,16751901;-45,91568883;697428
S.JOSE DOS CAMPOS;-23,15195378;-45,8936964;697428
S.JOSE DOS CAMPOS;-23,16751901;-45,91568883;697428
S.JOSE DOS CAMPOS;-23,1379313;-45,8982185;697428
S.JOSE DOS CAMPOS;-23,150341;-45,8969472;697428
S.JOSE DOS CAMPOS;-23,15195378;-45,8936964;697428
S.JOSE DOS CAMPOS;-23,13678938;-45,77675856;697428
S.JOSE DOS CAMPOS;-23,17974227;-45,86252782;697428
S.JOSE DOS CAMPOS;-23,2420601;-45,8287569;697428
S.JOSE DOS CAMPOS;-23,19098829;-45,78909891;697428
S.JOSE DOS CAMPOS;-23,2123967;-45,8476018;697428
S.JOSE DOS CAMPOS;-23,23380714;-45,82710191;697428
S.JOSE DOS CAMPOS;-23,2535183;-45,8341911;697428
S.JOSE DOS CAMPOS;-23,17330593;-45,81571479;697428
S.JOSE DOS CAMPOS;-23,19098829;-45,78909891;697428
S.JOSE DOS CAMPOS;-23,19604969;-45,79180511;697428
S.JOSE DOS CAMPOS;-23,17980107;-45,77955403;697428
S.JOSE DOS CAMPOS;-23,22009113;-45,87972344;697428
S.JOSE DOS CAMPOS;-23,19022394;-45,88394236;697428
S.JOSE DOS CAMPOS;-23,17567539;-45,87522312;697428
S.JOSE DOS CAMPOS;-23,19506464;-45,90162809;697428
S.JOSE DOS CAMPOS;-23,1848389;-45,8886384;697428
S.JOSE DOS CAMPOS;-23,2695877;-45,9003795;697428
S.JOSE DOS CAMPOS;-23,27043846;-45,89931853;697428
S.JOSE DOS CAMPOS;-23,2697968;-45,9007868;697428
S.JOSE DOS CAMPOS;-23,26914281;-45,89449731;697428
S.JOSE DOS CAMPOS;-23,27033859;-45,89911351;697428
S.JOSE DOS CAMPOS;-23,2691475;-45,8965509;697428
S.JOSE DOS CAMPOS;-23,2781932;-45,8957378;697428
S.JOSE DOS CAMPOS;-23,2482497;-45,8977849;697428
S.JOSE DOS CAMPOS;-23,16751901;-45,91568883;697428
S.JOSE DOS CAMPOS;-23,1606814;-45,9244499;697428
S.JOSE DOS CAMPOS;-23,16751901;-45,91568883;697428
S.JOSE DOS CAMPOS;-23,1561132;-45,89986605;697428
S.JOSE DOS CAMPOS;-23,17064125;-45,84346103;697428
S.JOSE DOS CAMPOS;-23,1409851;-45,7891473;697428
S.JOSE DOS CAMPOS;-23,1409851;-45,7891473;697428
S.JOSE DOS CAMPOS;-23,17169489;-45,81091864;697428
S.JOSE DOS CAMPOS;-23,2530465;-45,8339192;697428
S.JOSE DOS CAMPOS;-23,2442477;-45,8398463;697428
S.JOSE DOS CAMPOS;-23,2594721;-45,8183913;697428
S.JOSE DOS CAMPOS;-23,19846636;-45,78966871;697428
S.JOSE DOS CAMPOS;-23,17980107;-45,77955403;697428
S.JOSE DOS CAMPOS;-23,16667033;-45,78576642;697428
S.JOSE DOS CAMPOS;-23,17567539;-45,87522312;697428
S.JOSE DOS CAMPOS;-23,18974745;-45,88978264;697428
S.JOSE DOS CAMPOS;-23,19022394;-45,88394236;697428
S.JOSE DOS CAMPOS;-23,18323015;-45,88794228;697428
S.JOSE DOS CAMPOS;-23,1761803;-45,8731196;697428
S.JOSE DOS CAMPOS;-23,2691475;-45,8965509;697428
S.JOSE DOS CAMPOS;-23,26914281;-45,89449731;697428
S.JOSE DOS CAMPOS;-23,26864747;-45,90146801;697428
S.JOSE DOS CAMPOS;-23,26968404;-45,89777303;697428
S.JOSE DOS CAMPOS;-23,2683373;-45,8930808;697428
S.JOSE DOS CAMPOS;-23,24690732;-45,89797935;697428
S.JOSE DOS CAMPOS;-23,2733142;-45,9001888;697428
S.JOSE DOS CAMPOS;-23,27979436;-45,89466777;697428
S.JOSE DOS CAMPOS;-23,27309533;-45,90038353;697428
S.JOSE DOS CAMPOS;-23,27979436;-45,89466777;697428
S.JOSE DOS CAMPOS;-23,27043846;-45,89931853;697428
S.JOSE DOS CAMPOS;-23,2697968;-45,9007868;697428
S.JOSE DOS CAMPOS;-23,24690732;-45,89797935;697428
S.JOSE DOS CAMPOS;-23,15773508;-45,90108396;697428
S.JOSE DOS CAMPOS;-23,1570522;-45,900382;697428
S.JOSE DOS CAMPOS;-23,16760253;-45,84203183;697428
S.JOSE DOS CAMPOS;-23,17157515;-45,84409123;697428
S.JOSE DOS CAMPOS;-23,19950492;-45,78719757;697428
S.JOSE DOS CAMPOS;-23,1932446;-45,789765;697428
S.JOSE DOS CAMPOS;-23,17271624;-45,81036878;697428
S.JOSE DOS CAMPOS;-23,1721491;-45,8076987;697428
S.JOSE DOS CAMPOS;-23,1911681;-45,7836846;697428
S.JOSE DOS CAMPOS;-23,22014621;-45,88408106;697428
S.JOSE DOS CAMPOS;-23,264992;-45,8140908;697428
S.JOSE DOS CAMPOS;-23,17567539;-45,87522312;697428
S.JOSE DOS CAMPOS;-23,27972724;-45,89474916;697428
S.JOSE DOS CAMPOS;-23,279286;-45,89458821;697428
S.JOSE DOS CAMPOS;-23,24481623;-45,90015823;697428
S.JOSE DOS CAMPOS;-23,2733142;-45,9001888;697428
S.JOSE DOS CAMPOS;-23,2733142;-45,9001888;697428
S.JOSE DOS CAMPOS;-23,26864747;-45,90146801;697428
S.JOSE DOS CAMPOS;-23,27326463;-45,90094302;697428
S.JOSE DOS CAMPOS;-23,2697968;-45,9007868;697428
S.JOSE DOS CAMPOS;-23,27096825;-45,89782036;697428
S.JOSE DOS CAMPOS;-23,2733142;-45,9001888;697428
S.JOSE DOS CAMPOS;-23,2691475;-45,8965509;697428
S.JOSE DOS CAMPOS;-23,27066724;-45,90250874;697428
S.JOSE DOS CAMPOS;-23,26864747;-45,90146801;697428
S.JOSE DOS CAMPOS;-23,27934722;-45,89342151;697428
S.JOSE DOS CAMPOS;-23,2674309;-45,8930465;697428
S.JOSE DOS CAMPOS;-23,25674301;-45,90008995;697428
S.JOSE DOS CAMPOS;-23,11246007;-45,9151313;697428
S.JOSE DOS CAMPOS;-23,1624896;-45,910853;697428
S.JOSE DOS CAMPOS;-23,15120613;-45,90707499;697428
S.JOSE DOS CAMPOS;-23,19063716;-45,78598637;697428
S.JOSE DOS CAMPOS;-23,1768701;-45,7949161;697428
S.JOSE DOS CAMPOS;-23,2077744;-45,8062349;697428
S.JOSE DOS CAMPOS;-23,16667033;-45,78576642;697428
S.JOSE DOS CAMPOS;-23,24626799;-45,83585029;697428
S.JOSE DOS CAMPOS;-23,16705393;-45,80944418;697428
S.JOSE DOS CAMPOS;-23,1684694;-45,7765655;697428
S.JOSE DOS CAMPOS;-23,27638;-45,838908;697428
S.JOSE DOS CAMPOS;-23,2755814;-45,8866098;697428
S.JOSE DOS CAMPOS;-23,27504121;-45,86214569;697428
S.JOSE DOS CAMPOS;-23,19022394;-45,88394236;697428
S.JOSE DOS CAMPOS;-23,19022394;-45,88394236;697428
S.JOSE DOS CAMPOS;-23,1746674;-45,8913737;697428
S.JOSE DOS CAMPOS;-23,18727029;-45,86926022;697428
S.JOSE DOS CAMPOS;-23,2691475;-45,8965509;697428
S.JOSE DOS CAMPOS;-23,27043846;-45,89931853;697428
S.JOSE DOS CAMPOS;-23,27043846;-45,89931853;697428
S.JOSE DOS CAMPOS;-23,1561132;-45,89986605;697428
S.JOSE DOS CAMPOS;-23,16235568;-45,91042993;697428
S.JOSE DOS CAMPOS;-23,1519979;-45,9146905;697428
S.JOSE DOS CAMPOS;-23,13846263;-45,78641253;697428
S.JOSE DOS CAMPOS;-23,16667033;-45,78576642;697428
S.JOSE DOS CAMPOS;-23,19098829;-45,78909891;697428
S.JOSE DOS CAMPOS;-23,1689239;-45,7885339;697428
S.JOSE DOS CAMPOS;-23,22014621;-45,88408106;697428
S.JOSE DOS CAMPOS;-23,18628646;-45,88016138;697428
S.JOSE DOS CAMPOS;-23,24481623;-45,90015823;697428
S.JOSE DOS CAMPOS;-23,27099343;-45,90045797;697428
S.JOSE DOS CAMPOS;-23,24690732;-45,89797935;697428
S.JOSE DOS CAMPOS;-23,24481623;-45,90015823;697428
S.JOSE DOS CAMPOS;-23,24690732;-45,89797935;697428
S.JOSE DOS CAMPOS;-23,27096825;-45,89782036;697428
S.JOSE DOS CAMPOS;-23,24794626;-45,90374543;697428
S.JOSE DOS CAMPOS;-23,1519979;-45,9146905;697428
S.JOSE DOS CAMPOS;-23,16751901;-45,91568883;697428
S.JOSE DOS CAMPOS;-23,16235568;-45,91042993;697428
S.JOSE DOS CAMPOS;-23,1561132;-45,89986605;697428
S.JOSE DOS CAMPOS;-23,16751901;-45,91568883;697428
S.JOSE DOS CAMPOS;-23,1519979;-45,9146905;697428
S.JOSE DOS CAMPOS;-23,1381425;-45,9106385;697428
S.JOSE DOS CAMPOS;-23,1723266;-45,8485424;697428
S.JOSE DOS CAMPOS;-23,1722951;-45,8106666;697428
S.JOSE DOS CAMPOS;-23,2552189;-45,8359075;697428
S.JOSE DOS CAMPOS;-23,17061422;-45,77895555;697428
S.JOSE DOS CAMPOS;-23,17061422;-45,77895555;697428
S.JOSE DOS CAMPOS;-23,19198384;-45,79050155;697428
S.JOSE DOS CAMPOS;-23,2215051;-45,8826668;697428
S.JOSE DOS CAMPOS;-23,21314285;-45,88803344;697428
S.JOSE DOS CAMPOS;-23,29564476;-45,87437682;697428
S.JOSE DOS CAMPOS;-23,21314285;-45,88803344;697428
S.JOSE DOS CAMPOS;-23,2400674;-45,9339451;697428
S.JOSE DOS CAMPOS;-23,19748129;-45,8862194;697428
S.JOSE DOS CAMPOS;-23,18574184;-45,88503436;697428
S.JOSE DOS CAMPOS;-23,18323015;-45,88794228;697428
S.JOSE DOS CAMPOS;-23,1863188;-45,86861634;697428
S.JOSE DOS CAMPOS;-23,27077755;-45,90001473;697428
S.JOSE DOS CAMPOS;-23,27077755;-45,90001473;697428
S.JOSE DOS CAMPOS;-23,24481623;-45,90015823;697428
S.JOSE DOS CAMPOS;-23,2735261;-45,8951619;697428
S.JOSE DOS CAMPOS;-23,2696473;-45,8974867;697428
S.JOSE DOS CAMPOS;-23,26694295;-45,89220578;697428
S.JOSE DOS CAMPOS;-23,27577091;-45,89850526;697428
S.JOSE DOS CAMPOS;-23,2694892;-45,89046346;697428
S.JOSE DOS CAMPOS;-23,1561132;-45,89986605;697428
S.JOSE DOS CAMPOS;-23,1561132;-45,89986605;697428
S.JOSE DOS CAMPOS;-23,1437046;-45,7785497;697428
S.JOSE DOS CAMPOS;-23,16786336;-45,77799811;697428
S.JOSE DOS CAMPOS;-23,24096082;-45,83927362;697428
S.JOSE DOS CAMPOS;-23,171643;-45,8106037;697428
S.JOSE DOS CAMPOS;-23,18479945;-45,79886785;697428
S.LUIZ DO PARAITINGA;-23,25774748;-45,2188667;10337
S.LUIZ DO PARAITINGA;-23,25283747;-45,2965567;10337
S.LUIZ DO PARAITINGA;-23,3022652;-45,2809747;10337
S.LUIZ DO PARAITINGA;-23,2233896;-45,3082457;10337
S.SEBASTIAO;-23,808921;-45,4150307;81540
S.SEBASTIAO;-23,8070797;-45,4180235;81540
S.SEBASTIAO;-23,7602411;-45,4185149;81540
S.SEBASTIAO;-23,767437;-45,6904651;81540
S.SEBASTIAO;-23,8055721;-45,40239823;81540
S.SEBASTIAO;-23,7779963;-45,6154464;81540
S.SEBASTIAO;-23,77651519;-45,55808245;81540
S.SEBASTIAO;-23,79903697;-45,543187;81540
S.SEBASTIAO;-23,77588434;-45,64092186;81540
S.SEBASTIAO;-23,7545688;-45,8286797;81540
S.SEBASTIAO;-23,7666848;-45,7297023;81540
S.SEBASTIAO;-23,80641863;-45,41557117;81540
S.SEBASTIAO;-23,78148136;-45,6264629;81540
S.SEBASTIAO;-23,7171134;-45,4319831;81540
S.SEBASTIAO;-23,7657327;-45,6934504;81540
S.SEBASTIAO;-23,80121116;-45,40461597;81540
S.SEBASTIAO;-23,7766132;-45,6107921;81540
S.SEBASTIAO;-23,72180252;-45,43295754;81540
S.SEBASTIAO;-23,766923;-45,7248025;81540
S.SEBASTIAO;-23,7731085;-45,6927932;81540
S.SEBASTIAO;-23,7685798;-45,6882121;81540
S.SEBASTIAO;-23,8010769;-45,402614;81540
S.SEBASTIAO;-23,761643;-45,410043;81540
S.SEBASTIAO;-23,77626;-45,6099225;81540
S.SEBASTIAO;-23,7604104;-45,6546566;81540
S.SEBASTIAO;-23,7837069;-45,61605285;81540
S.SEBASTIAO;-23,8145835;-45,4166411;81540
S.SEBASTIAO;-23,8080972;-45,4120512;81540
S.SEBASTIAO;-23,8010769;-45,402614;81540
S.SEBASTIAO;-23,7653566;-45,6925326;81540
S.SEBASTIAO;-23,8064228;-45,4156524;81540
S.SEBASTIAO;-23,80641863;-45,41557117;81540
S.SEBASTIAO;-23,8220025;-45,4772349;81540
S.SEBASTIAO;-23,78148136;-45,6264629;81540
S.SEBASTIAO;-23,7787658;-45,6145339;81540
S.SEBASTIAO;-23,71830529;-45,43069776;81540
S.SEBASTIAO;-23,7178434;-45,4265493;81540
S.SEBASTIAO;-23,7680019;-45,6904333;81540
S.SEBASTIAO;-23,8064228;-45,4156524;81540
S.SEBASTIAO;-23,7604104;-45,6546566;81540
S.SEBASTIAO;-23,77651519;-45,55808245;81540
S.SEBASTIAO;-23,7569789;-45,6534141;81540
S.SEBASTIAO;-23,7901406;-45,5704892;81540
S.SEBASTIAO;-23,80456267;-45,40486808;81540
S.SEBASTIAO;-23,81273074;-45,42134146;81540
S.SEBASTIAO;-23,8089111;-45,5401515;81540
S.SEBASTIAO;-23,7691378;-45,6406611;81540
S.SEBASTIAO;-23,7479875;-45,820855;81540
S.SEBASTIAO;-23,8053234;-45,4165328;81540
S.SEBASTIAO;-23,80896393;-45,39842164;81540
S.SEBASTIAO;-23,7837069;-45,61605285;81540
SILVEIRAS;-22,7389718;-44,813111;6186
SILVEIRAS;-22,6658535;-44,8518567;6186
TAUBATE;-23,01417526;-45,58131328;310739
TAUBATE;-22,9909076;-45,5624518;310739
TAUBATE;-23,00431566;-45,5585181;310739
TAUBATE;-23,00422181;-45,56449097;310739
TAUBATE;-23,01165641;-45,55336732;310739
TAUBATE;-23,00733821;-45,57733254;310739
TAUBATE;-23,00825225;-45,57052041;310739
TAUBATE;-23,000674;-45,580457;310739
TAUBATE;-23,00859363;-45,57751384;310739
TAUBATE;-23,04995616;-45,57245964;310739
TAUBATE;-23,02686147;-45,53443272;310739
TAUBATE;-22,9946703;-45,53474293;310739
TAUBATE;-23,0506753;-45,5602798;310739
TAUBATE;-23,03995366;-45,56459417;310739
TAUBATE;-23,0396741;-45,5877818;310739
TAUBATE;-23,0316553;-45,5562191;310739
TAUBATE;-23,0220768;-45,5587531;310739
TAUBATE;-23,0262547;-45,54602022;310739
TAUBATE;-23,0225137;-45,5603125;310739
TAUBATE;-23,00859363;-45,57751384;310739
TAUBATE;-23,00164306;-45,54180661;310739
TAUBATE;-23,0213974;-45,5706312;310739
TAUBATE;-23,01849268;-45,55350691;310739
TAUBATE;-22,99730284;-45,54110053;310739
TAUBATE;-23,00034742;-45,5572469;310739
TAUBATE;-22,9962303;-45,5374784;310739
TAUBATE;-23,0073574;-45,5609866;310739
TAUBATE;-23,0225137;-45,5603125;310739
TAUBATE;-23,0039111;-45,56084574;310739
TAUBATE;-23,04992575;-45,55922202;310739
TAUBATE;-22,994132;-45,533899;310739
TAUBATE;-23,05203567;-45,56479212;310739
TAUBATE;-22,9996463;-45,5354004;310739
TAUBATE;-23,0185346;-45,520283;310739
TAUBATE;-23,01289115;-45,51922984;310739
TAUBATE;-22,99658487;-45,53298927;310739
TAUBATE;-23,01314702;-45,51876083;310739
TAUBATE;-23,04992575;-45,55922202;310739
TAUBATE;-23,0368348;-45,6186824;310739
TAUBATE;-23,0223965;-45,5600065;310739
TAUBATE;-23,01922473;-45,54428677;310739
TAUBATE;-23,024996;-45,5638792;310739
TAUBATE;-23,0223965;-45,5600065;310739
TAUBATE;-23,0019788;-45,5424463;310739
TAUBATE;-22,99856184;-45,5710748;310739
TAUBATE;-23,0074506;-45,5772884;310739
TAUBATE;-23,0074506;-45,5772884;310739
TAUBATE;-23,0232531;-45,5774883;310739
TAUBATE;-22,99730284;-45,54110053;310739
TAUBATE;-23,0018048;-45,5696656;310739
TAUBATE;-23,00042544;-45,56478129;310739
TAUBATE;-23,0069532;-45,5847257;310739
TAUBATE;-23,01289115;-45,51922984;310739
TAUBATE;-23,04995616;-45,57245964;310739
TAUBATE;-23,0182527;-45,5193012;310739
TAUBATE;-23,0182829;-45,5197266;310739
TAUBATE;-23,05599704;-45,59016741;310739
TAUBATE;-22,9963783;-45,5325475;310739
TAUBATE;-23,05021727;-45,58816509;310739
TAUBATE;-23,05230135;-45,58749845;310739
TAUBATE;-23,03673888;-45,5385904;310739
TAUBATE;-22,9922977;-45,5134883;310739
TAUBATE;-22,99430482;-45,53441126;310739
TAUBATE;-23,0381526;-45,6179993;310739
TAUBATE;-22,99012949;-45,56277627;310739
TAUBATE;-22,99012949;-45,56277627;310739
TAUBATE;-23,0223965;-45,5600065;310739
TAUBATE;-23,02788866;-45,54796562;310739
TAUBATE;-23,00299262;-45,54543573;310739
TAUBATE;-22,99730284;-45,54110053;310739
TAUBATE;-23,00431566;-45,5585181;310739
TAUBATE;-23,01745435;-45,56925924;310739
TAUBATE;-23,0230849;-45,5767332;310739
TAUBATE;-23,00733821;-45,57733254;310739
TAUBATE;-23,0039111;-45,56084574;310739
TAUBATE;-23,01516626;-45,58021251;310739
TAUBATE;-23,000674;-45,580457;310739
TAUBATE;-23,0092347;-45,5926285;310739
TAUBATE;-23,01328359;-45,59702695;310739
TAUBATE;-23,00592029;-45,5468033;310739
TAUBATE;-22,99901179;-45,57740319;310739
TAUBATE;-23,00164306;-45,54180661;310739
TAUBATE;-23,00859363;-45,57751384;310739
TAUBATE;-23,00391576;-45,57836544;310739
TAUBATE;-23,01289115;-45,51922984;310739
TAUBATE;-22,99621974;-45,53272374;310739
TAUBATE;-23,01289115;-45,51922984;310739
TAUBATE;-23,01289115;-45,51922984;310739
TAUBATE;-23,01289115;-45,51922984;310739
TAUBATE;-23,0381526;-45,6179993;310739
TAUBATE;-23,0279769;-45,62748;310739
TAUBATE;-23,0189641;-45,5485744;310739
TAUBATE;-23,00786771;-45,56490161;310739
TAUBATE;-23,0224461;-45,5601773;310739
TAUBATE;-23,0018403;-45,5423144;310739
TAUBATE;-23,01328359;-45,59702695;310739
TAUBATE;-23,00858431;-45,56343502;310739
TAUBATE;-23,01677346;-45,57148991;310739
TAUBATE;-23,00786771;-45,56490161;310739
TAUBATE;-23,0237485;-45,5733696;310739
TAUBATE;-23,00786771;-45,56490161;310739
TAUBATE;-22,99104368;-45,56500691;310739
TAUBATE;-23,0089495;-45,5638713;310739
TAUBATE;-23,0089495;-45,5638713;310739
TAUBATE;-23,00786771;-45,56490161;310739
TAUBATE;-23,00177812;-45,54128576;310739
TAUBATE;-22,99621974;-45,53272374;310739
TAUBATE;-23,0111821;-45,5208761;310739
TAUBATE;-22,99621974;-45,53272374;310739
TAUBATE;-22,9955015;-45,5321678;310739
TAUBATE;-23,02509595;-45,53718514;310739
TAUBATE;-23,04687359;-45,54545478;310739
TAUBATE;-22,9897928;-45,5634003;310739
TAUBATE;-22,99012949;-45,56277627;310739
TAUBATE;-23,01802336;-45,53595498;310739
TAUBATE;-23,04732616;-45,59178627;310739
TAUBATE;-23,00786771;-45,56490161;310739
TAUBATE;-23,0012518;-45,5794362;310739
TAUBATE;-22,99730284;-45,54110053;310739
TAUBATE;-22,99730284;-45,54110053;310739
TAUBATE;-23,0074506;-45,5772884;310739
TAUBATE;-23,00786771;-45,56490161;310739
TAUBATE;-23,0023894;-45,5446453;310739
TAUBATE;-23,00536512;-45,56072291;310739
TAUBATE;-22,99730284;-45,54110053;310739
TAUBATE;-23,0100876;-45,6026556;310739
TAUBATE;-23,02188236;-45,52780224;310739
TAUBATE;-22,9940192;-45,513995;310739
TAUBATE;-23,04775835;-45,55956541;310739
TAUBATE;-23,03599452;-45,62060157;310739
TAUBATE;-23,03290656;-45,55998323;310739
TAUBATE;-23,0414842;-45,5706149;310739
TAUBATE;-23,0128437;-45,58426287;310739
TAUBATE;-23,00964554;-45,59006925;310739
TAUBATE;-23,00454616;-45,56428831;310739
TAUBATE;-23,00241904;-45,56226156;310739
TAUBATE;-23,02487742;-45,59200765;310739
TAUBATE;-23,00034742;-45,5572469;310739
TAUBATE;-23,02012198;-45,5777584;310739
TAUBATE;-23,00825225;-45,57052041;310739
TAUBATE;-23,0148733;-45,5609632;310739
TAUBATE;-23,0225137;-45,5603125;310739
TAUBATE;-23,0039111;-45,56084574;310739
TAUBATE;-23,0074506;-45,5772884;310739
TAUBATE;-23,0118323;-45,5675891;310739
TAUBATE;-23,0039111;-45,56084574;310739
TAUBATE;-23,0486486;-45,5592096;310739
TAUBATE;-23,05230135;-45,58749845;310739
TAUBATE;-23,05021727;-45,58816509;310739
TAUBATE;-23,0265143;-45,5372538;310739
TAUBATE;-23,0538983;-45,61780811;310739
TAUBATE;-22,99913996;-45,56780516;310739
TAUBATE;-23,01938747;-45,56255704;310739
TAUBATE;-23,00536512;-45,56072291;310739
TAUBATE;-23,0023894;-45,5446453;310739
TAUBATE;-23,0225137;-45,5603125;310739
TAUBATE;-23,00034742;-45,5572469;310739
TAUBATE;-23,0225137;-45,5603125;310739
TAUBATE;-22,9990905;-45,5583159;310739
TAUBATE;-23,00445859;-45,5781589;310739
TAUBATE;-23,01188893;-45,59016669;310739
TAUBATE;-23,0039111;-45,56084574;310739
TAUBATE;-22,9990905;-45,5583159;310739
TAUBATE;-23,0036454;-45,5398092;310739
TAUBATE;-23,049546;-45,5726878;310739
TAUBATE;-22,99658487;-45,53298927;310739
TAUBATE;-23,0319842;-45,5438079;310739
TAUBATE;-23,0486486;-45,5592096;310739
TAUBATE;-23,0511893;-45,5633064;310739
TAUBATE;-23,02384168;-45,53776905;310739
TAUBATE;-23,02975588;-45,56606114;310739
TAUBATE;-23,0225137;-45,5603125;310739
TAUBATE;-23,008484;-45,5931099;310739
TAUBATE;-23,00299262;-45,54543573;310739
TAUBATE;-23,00299262;-45,54543573;310739
TAUBATE;-23,02037853;-45,56213324;310739
TAUBATE;-23,0039111;-45,56084574;310739
TAUBATE;-23,00536512;-45,56072291;310739
TAUBATE;-23,0225137;-45,5603125;310739
TAUBATE;-23,00332899;-45,55866594;310739
TAUBATE;-22,99771625;-45,57451693;310739
TAUBATE;-23,00786771;-45,56490161;310739
TAUBATE;-23,00759771;-45,57599479;310739
TAUBATE;-23,02721546;-45,53622508;310739
TAUBATE;-23,04775835;-45,55956541;310739
TAUBATE;-23,0549152;-45,5812448;310739
TAUBATE;-23,0031051;-45,5424887;310739
TAUBATE;-23,0483971;-45,62779535;310739
TAUBATE;-23,0353267;-45,6164408;310739
TAUBATE;-22,99012949;-45,56277627;310739
TAUBATE;-23,024996;-45,5638792;310739
TAUBATE;-22,9962303;-45,5374784;310739
TAUBATE;-23,0055291;-45,5626585;310739
TAUBATE;-23,0007302;-45,5705369;310739
TAUBATE;-22,99730284;-45,54110053;310739
TAUBATE;-23,0225137;-45,5603125;310739
TAUBATE;-23,00675469;-45,56154087;310739
TAUBATE;-22,99930181;-45,54493235;310739
TAUBATE;-23,0050377;-45,5597537;310739
TAUBATE;-23,00675469;-45,56154087;310739
TAUBATE;-23,00786771;-45,56490161;310739
TAUBATE;-23,01314702;-45,51876083;310739
TAUBATE;-23,05712664;-45,58827871;310739
TAUBATE;-23,00574639;-45,53483402;310739
TAUBATE;-23,0527649;-45,6305554;310739
TAUBATE;-23,0368348;-45,6186824;310739
TAUBATE;-22,99012949;-45,56277627;310739
TAUBATE;-23,02129014;-45,55199519;310739
TAUBATE;-23,0414842;-45,5706149;310739
TAUBATE;-23,0192898;-45,5362529;310739
TAUBATE;-23,0414842;-45,5706149;310739
TAUBATE;-23,04518676;-45,585156;310739
TAUBATE;-22,99865263;-45,55857723;310739
TAUBATE;-22,9997095;-45,5585416;310739
TAUBATE;-23,01188893;-45,59016669;310739
TAUBATE;-23,0044536;-45,5779687;310739
TAUBATE;-23,0107508;-45,590625;310739
TAUBATE;-22,99730284;-45,54110053;310739
TAUBATE;-23,0034515;-45,5522876;310739
TAUBATE;-22,9990905;-45,5583159;310739
TAUBATE;-23,00675469;-45,56154087;310739
TAUBATE;-22,9981705;-45,5639135;310739
TAUBATE;-23,0232291;-45,5681938;310739
TAUBATE;-23,01278561;-45,5894302;310739
TAUBATE;-23,04995616;-45,57105405;310739
TAUBATE;-23,0480214;-45,5602424;310739
TAUBATE;-23,0047734;-45,5307693;310739
TAUBATE;-23,0182829;-45,5197266;310739
TAUBATE;-23,04289258;-45,63198565;310739
TAUBATE;-23,024996;-45,5638792;310739
TAUBATE;-23,00454616;-45,56428831;310739
TAUBATE;-23,00361665;-45,58535087;310739
TAUBATE;-23,0055291;-45,5626585;310739
TAUBATE;-23,00536512;-45,56072291;310739
TAUBATE;-23,0212577;-45,5851274;310739
TAUBATE;-23,00675469;-45,56154087;310739
TAUBATE;-23,00491304;-45,56303187;310739
TAUBATE;-23,00675469;-45,56154087;310739
TAUBATE;-23,05230135;-45,58749845;310739
TAUBATE;-23,0052875;-45,5371365;310739
TAUBATE;-23,0056384;-45,5351374;310739
TAUBATE;-23,0486486;-45,5592096;310739
TAUBATE;-23,01289115;-45,51922984;310739
TAUBATE;-23,05712664;-45,58827871;310739
TREMEMBE;-22,99322768;-45,53676084;51173
TREMEMBE;-22,9615878;-45,5453448;51173
TREMEMBE;-22,99322768;-45,53676084;51173
TREMEMBE;-22,99322768;-45,53676084;51173
TREMEMBE;-22,99322768;-45,53676084;51173
TREMEMBE;-22,99548605;-45,54269942;51173
TREMEMBE;-22,99322768;-45,53676084;51173
TREMEMBE;-22,99062884;-45,54129144;51173
TREMEMBE;-22,97739642;-45,51505045;51173
TREMEMBE;-22,97609037;-45,64585092;51173
TREMEMBE;-22,9741858;-45,5433501;51173
TREMEMBE;-22,96071708;-45,54986332;51173
TREMEMBE;-22,98966;-45,564266;51173
TREMEMBE;-22,9619776;-45,5517418;51173
TREMEMBE;-22,9846055;-45,5186111;51173
TREMEMBE;-22,98776468;-45,53605332;51173
TREMEMBE;-22,99322768;-45,53676084;51173
TREMEMBE;-22,99355963;-45,53704812;51173
TREMEMBE;-22,99322768;-45,53676084;51173
TREMEMBE;-22,9814432;-45,5588606;51173
TREMEMBE;-22,9846055;-45,5186111;51173
TREMEMBE;-22,9699192;-45,5073194;51173
TREMEMBE;-22,98561433;-45,54748016;51173
TREMEMBE;-22,9615878;-45,5453448;51173
TREMEMBE;-22,99322768;-45,53676084;51173
TREMEMBE;-22,9846055;-45,5186111;51173
TREMEMBE;-22,9846055;-45,5186111;51173
TREMEMBE;-22,9944708;-45,5325197;51173
TREMEMBE;-22,97739642;-45,51505045;51173
TREMEMBE;-22,9846055;-45,5186111;51173
TREMEMBE;-22,99322768;-45,53676084;51173
TREMEMBE;-22,979447;-45,514829;51173
TREMEMBE;-22,979447;-45,514829;51173
TREMEMBE;-22,99322768;-45,53676084;51173
TREMEMBE;-22,96085458;-45,64161726;51173
TREMEMBE;-22,979447;-45,514829;51173
TREMEMBE;-22,979447;-45,514829;51173
TREMEMBE;-22,99322768;-45,53676084;51173
TREMEMBE;-22,99322768;-45,53676084;51173
TREMEMBE;-22,99322768;-45,53676084;51173
TREMEMBE;-22,979447;-45,514829;51173
TREMEMBE;-22,979447;-45,514829;51173
TREMEMBE;-22,979447;-45,514829;51173
TREMEMBE;-22,979447;-45,514829;51173
TREMEMBE;-22,99322768;-45,53676084;51173
TREMEMBE;-22,979447;-45,514829;51173
TREMEMBE;-22,979447;-45,514829;51173
TREMEMBE;-22,979447;-45,514829;51173
TREMEMBE;-22,9615878;-45,5453448;51173
TREMEMBE;-22,9830635;-45,5591162;51173
TREMEMBE;-22,979447;-45,514829;51173
TREMEMBE;-22,99322768;-45,53676084;51173
TREMEMBE;-22,979447;-45,514829;51173
TREMEMBE;-22,979447;-45,514829;51173
TREMEMBE;-22,9893158;-45,5621385;51173
TREMEMBE;-22,979447;-45,514829;51173
TREMEMBE;-22,979447;-45,514829;51173
TREMEMBE;-22,9872882;-45,5340868;51173
TREMEMBE;-22,979447;-45,514829;51173
TREMEMBE;-22,969921;-45,5073212;51173
TREMEMBE;-22,98880377;-45,55989522;51173
UBATUBA;-23,4337941;-45,085956;92980
UBATUBA;-23,4345298;-45,0849154;92980
UBATUBA;-23,5321242;-45,2271222;92980
UBATUBA;-23,40713891;-45,06274037;92980
UBATUBA;-23,4897667;-45,0952266;92980
UBATUBA;-23,4337941;-45,085956;92980
UBATUBA;-23,4696039;-45,0661023;92980
UBATUBA;-23,4464491;-45,079541;92980
UBATUBA;-23,4032463;-45,0147879;92980
UBATUBA;-23,4801242;-45,1152399;92980
UBATUBA;-23,50981902;-45,19894339;92980
UBATUBA;-23,43242203;-45,06942584;92980
UBATUBA;-23,43242203;-45,06942584;92980
UBATUBA;-23,44729014;-45,07631454;92980
UBATUBA;-23,4368085;-45,1013759;92980
UBATUBA;-23,429537;-45,1132627;92980
UBATUBA;-23,4422128;-45,0822315;92980
UBATUBA;-23,44191592;-45,1002095;92980
UBATUBA;-23,4832431;-45,1021493;92980
UBATUBA;-23,4345298;-45,0849154;92980
UBATUBA;-23,41860805;-45,11350389;92980
UBATUBA;-23,436089;-45,1013728;92980
UBATUBA;-23,4304432;-45,1111053;92980
UBATUBA;-23,4843061;-45,1050914;92980
UBATUBA;-23,38550388;-45,12251821;92980
UBATUBA;-23,41295415;-45,06591849;92980
UBATUBA;-23,482304;-45,1020872;92980
UBATUBA;-23,4304432;-45,1111053;92980
UBATUBA;-23,41271417;-45,0665399;92980
UBATUBA;-23,43866053;-45,08282071;92980
UBATUBA;-23,5321242;-45,2271222;92980
UBATUBA;-23,4871109;-45,1554068;92980
UBATUBA;-23,4347295;-45,0754554;92980
UBATUBA;-23,4007775;-45,0697587;92980
UBATUBA;-23,4344582;-45,0863561;92980
UBATUBA;-23,4262996;-45,1113924;92980
UBATUBA;-23,44729014;-45,07631454;92980
UBATUBA;-23,4237412;-45,0773991;92980
UBATUBA;-23,4896459;-45,1559517;92980
UBATUBA;-23,52339928;-45,24624738;92980
UBATUBA;-23,4797355;-45,1436493;92980
UBATUBA;-23,41295415;-45,06591849;92980
UBATUBA;-23,4304432;-45,1111053;92980
UBATUBA;-23,4304432;-45,1111053;92980
UBATUBA;-23,43865;-45,0811737;92980
UBATUBA;-23,5294781;-45,2234694;92980
UBATUBA;-23,4897349;-45,154348;92980
UBATUBA;-23,45474222;-45,07908342;92980
UBATUBA;-23,41295415;-45,06591849;92980
UBATUBA;-23,41295415;-45,06591849;92980
UBATUBA;-23,48415481;-45,1062867;92980
UBATUBA;-23,4120206;-45,0650007;92980
UBATUBA;-23,4292478;-45,106608;92980
UBATUBA;-23,4865111;-45,1555588;92980
UBATUBA;-23,4337941;-45,085956;92980
UBATUBA;-23,4558431;-45,0785863;92980
UBATUBA;-23,436089;-45,1013728;92980
UBATUBA;-23,4133082;-45,0656714;92980
UBATUBA;-23,4348182;-45,1043644;92980
